id,name,normalized_name,location_type,parent_id,state_name,district_name,sub_district_name,state_lgd_code,district_lgd_code,sub_district_lgd_code,village_lgd_code,source,full_path,search_priority,is_active,created_at,updated_at
2,Pune,pune,district,1,Maharashtra,Pune,,27,490,,,lgd,Maharashtra > Pune,20,True,2026-05-05 13:23:21.984310+05:30,2026-05-12 09:38:46.805587+05:30
6,Nashik,nashik,district,1,Maharashtra,Nashik,,27,487,,,lgd,Maharashtra > Nashik,20,True,2026-05-05 15:11:04.431538+05:30,2026-05-12 09:38:46.805587+05:30
7,Chhatrapati Sambhajinagar,chhatrapati sambhajinagar,district,1,Maharashtra,Chhatrapati Sambhajinagar,,27,469,,,lgd,Maharashtra > Chhatrapati Sambhajinagar,20,True,2026-05-05 15:11:04.431538+05:30,2026-05-12 09:38:46.805587+05:30
8,Ahmednagar,ahmednagar,district,1,Maharashtra,Ahmednagar,,27,466,,,lgd,Maharashtra > Ahmednagar,20,True,2026-05-05 15:11:04.431538+05:30,2026-05-12 09:38:46.805587+05:30
22,Akola,akola,district,1,Maharashtra,Akola,,27,467,,,lgd,Maharashtra > Akola,20,True,2026-05-05 16:21:10.141099+05:30,2026-05-12 09:38:46.805587+05:30
23,Amravati,amravati,district,1,Maharashtra,Amravati,,27,468,,,lgd,Maharashtra > Amravati,20,True,2026-05-05 16:21:10.141099+05:30,2026-05-12 09:38:46.805587+05:30
24,Beed,beed,district,1,Maharashtra,Beed,,27,470,,,lgd,Maharashtra > Beed,20,True,2026-05-05 16:21:10.141099+05:30,2026-05-12 09:38:46.805587+05:30
25,Bhandara,bhandara,district,1,Maharashtra,Bhandara,,27,471,,,lgd,Maharashtra > Bhandara,20,True,2026-05-05 16:21:10.141099+05:30,2026-05-12 09:38:46.805587+05:30
26,Buldhana,buldhana,district,1,Maharashtra,Buldhana,,27,472,,,lgd,Maharashtra > Buldhana,20,True,2026-05-05 16:21:10.141099+05:30,2026-05-12 09:38:46.805587+05:30
27,Chandrapur,chandrapur,district,1,Maharashtra,Chandrapur,,27,473,,,lgd,Maharashtra > Chandrapur,20,True,2026-05-05 16:21:10.141099+05:30,2026-05-12 09:38:46.805587+05:30
28,Dhule,dhule,district,1,Maharashtra,Dhule,,27,474,,,lgd,Maharashtra > Dhule,20,True,2026-05-05 16:21:10.141099+05:30,2026-05-12 09:38:46.805587+05:30
29,Gadchiroli,gadchiroli,district,1,Maharashtra,Gadchiroli,,27,475,,,lgd,Maharashtra > Gadchiroli,20,True,2026-05-05 16:21:10.141099+05:30,2026-05-12 09:38:46.805587+05:30
30,Gondia,gondia,district,1,Maharashtra,Gondia,,27,476,,,lgd,Maharashtra > Gondia,20,True,2026-05-05 16:21:10.141099+05:30,2026-05-12 09:38:46.805587+05:30
31,Hingoli,hingoli,district,1,Maharashtra,Hingoli,,27,477,,,lgd,Maharashtra > Hingoli,20,True,2026-05-05 16:21:10.141099+05:30,2026-05-12 09:38:46.805587+05:30
32,Jalgaon,jalgaon,district,1,Maharashtra,Jalgaon,,27,478,,,lgd,Maharashtra > Jalgaon,20,True,2026-05-05 16:21:10.141099+05:30,2026-05-12 09:38:46.805587+05:30
33,Jalna,jalna,district,1,Maharashtra,Jalna,,27,479,,,lgd,Maharashtra > Jalna,20,True,2026-05-05 16:21:10.141099+05:30,2026-05-12 09:38:46.805587+05:30
34,Kolhapur,kolhapur,district,1,Maharashtra,Kolhapur,,27,480,,,lgd,Maharashtra > Kolhapur,20,True,2026-05-05 16:21:10.141099+05:30,2026-05-12 09:38:46.805587+05:30
35,Latur,latur,district,1,Maharashtra,Latur,,27,481,,,lgd,Maharashtra > Latur,20,True,2026-05-05 16:21:10.141099+05:30,2026-05-12 09:38:46.805587+05:30
36,Mumbai,mumbai,district,1,Maharashtra,Mumbai,,27,482,,,lgd,Maharashtra > Mumbai,20,True,2026-05-05 16:21:10.141099+05:30,2026-05-12 09:38:46.805587+05:30
37,Mumbai Suburban,mumbai suburban,district,1,Maharashtra,Mumbai Suburban,,27,483,,,lgd,Maharashtra > Mumbai Suburban,20,True,2026-05-05 16:21:10.141099+05:30,2026-05-12 09:38:46.805587+05:30
38,Nagpur,nagpur,district,1,Maharashtra,Nagpur,,27,484,,,lgd,Maharashtra > Nagpur,20,True,2026-05-05 16:21:10.141099+05:30,2026-05-12 09:38:46.805587+05:30
39,Nanded,nanded,district,1,Maharashtra,Nanded,,27,485,,,lgd,Maharashtra > Nanded,20,True,2026-05-05 16:21:10.141099+05:30,2026-05-12 09:38:46.805587+05:30
40,Nandurbar,nandurbar,district,1,Maharashtra,Nandurbar,,27,486,,,lgd,Maharashtra > Nandurbar,20,True,2026-05-05 16:21:10.141099+05:30,2026-05-12 09:38:46.805587+05:30
41,Dharashiv,dharashiv,district,1,Maharashtra,Dharashiv,,27,488,,,lgd,Maharashtra > Dharashiv,20,True,2026-05-05 16:21:10.141099+05:30,2026-05-12 09:38:46.805587+05:30
42,Palghar,palghar,district,1,Maharashtra,Palghar,,27,665,,,lgd,Maharashtra > Palghar,20,True,2026-05-05 16:21:10.141099+05:30,2026-05-12 09:38:46.805587+05:30
43,Parbhani,parbhani,district,1,Maharashtra,Parbhani,,27,489,,,lgd,Maharashtra > Parbhani,20,True,2026-05-05 16:21:10.141099+05:30,2026-05-12 09:38:46.805587+05:30
44,Raigad,raigad,district,1,Maharashtra,Raigad,,27,491,,,lgd,Maharashtra > Raigad,20,True,2026-05-05 16:21:10.141099+05:30,2026-05-12 09:38:46.805587+05:30
45,Ratnagiri,ratnagiri,district,1,Maharashtra,Ratnagiri,,27,492,,,lgd,Maharashtra > Ratnagiri,20,True,2026-05-05 16:21:10.141099+05:30,2026-05-12 09:38:46.805587+05:30
46,Sangli,sangli,district,1,Maharashtra,Sangli,,27,493,,,lgd,Maharashtra > Sangli,20,True,2026-05-05 16:21:10.141099+05:30,2026-05-12 09:38:46.805587+05:30
47,Satara,satara,district,1,Maharashtra,Satara,,27,494,,,lgd,Maharashtra > Satara,20,True,2026-05-05 16:21:10.141099+05:30,2026-05-12 09:38:46.805587+05:30
48,Sindhudurg,sindhudurg,district,1,Maharashtra,Sindhudurg,,27,495,,,lgd,Maharashtra > Sindhudurg,20,True,2026-05-05 16:21:10.141099+05:30,2026-05-12 09:38:46.805587+05:30
49,Solapur,solapur,district,1,Maharashtra,Solapur,,27,496,,,lgd,Maharashtra > Solapur,20,True,2026-05-05 16:21:10.141099+05:30,2026-05-12 09:38:46.805587+05:30
50,Thane,thane,district,1,Maharashtra,Thane,,27,497,,,lgd,Maharashtra > Thane,20,True,2026-05-05 16:21:10.141099+05:30,2026-05-12 09:38:46.805587+05:30
51,Wardha,wardha,district,1,Maharashtra,Wardha,,27,498,,,lgd,Maharashtra > Wardha,20,True,2026-05-05 16:21:10.141099+05:30,2026-05-12 09:38:46.805587+05:30
52,Washim,washim,district,1,Maharashtra,Washim,,27,499,,,lgd,Maharashtra > Washim,20,True,2026-05-05 16:21:10.141099+05:30,2026-05-12 09:38:46.805587+05:30
53,Yavatmal,yavatmal,district,1,Maharashtra,Yavatmal,,27,500,,,lgd,Maharashtra > Yavatmal,20,True,2026-05-05 16:21:10.141099+05:30,2026-05-12 09:38:46.805587+05:30
55,Agar-Malwa,agar malwa,district,54,Madhya Pradesh,Agar-Malwa,,23,667,,,lgd,Madhya Pradesh > Agar-Malwa,20,True,2026-05-05 16:21:10.141099+05:30,2026-05-12 09:38:46.805587+05:30
56,Alirajpur,alirajpur,district,54,Madhya Pradesh,Alirajpur,,23,639,,,lgd,Madhya Pradesh > Alirajpur,20,True,2026-05-05 16:21:10.141099+05:30,2026-05-12 09:38:46.805587+05:30
57,Anuppur,anuppur,district,54,Madhya Pradesh,Anuppur,,23,390,,,lgd,Madhya Pradesh > Anuppur,20,True,2026-05-05 16:21:10.141099+05:30,2026-05-12 09:38:46.805587+05:30
58,Ashoknagar,ashoknagar,district,54,Madhya Pradesh,Ashoknagar,,23,391,,,lgd,Madhya Pradesh > Ashoknagar,20,True,2026-05-05 16:21:10.141099+05:30,2026-05-12 09:38:46.805587+05:30
59,Balaghat,balaghat,district,54,Madhya Pradesh,Balaghat,,23,392,,,lgd,Madhya Pradesh > Balaghat,20,True,2026-05-05 16:21:10.141099+05:30,2026-05-12 09:38:46.805587+05:30
60,Barwani,barwani,district,54,Madhya Pradesh,Barwani,,23,393,,,lgd,Madhya Pradesh > Barwani,20,True,2026-05-05 16:21:10.141099+05:30,2026-05-12 09:38:46.805587+05:30
61,Betul,betul,district,54,Madhya Pradesh,Betul,,23,394,,,lgd,Madhya Pradesh > Betul,20,True,2026-05-05 16:21:10.141099+05:30,2026-05-12 09:38:46.805587+05:30
62,Bhind,bhind,district,54,Madhya Pradesh,Bhind,,23,395,,,lgd,Madhya Pradesh > Bhind,20,True,2026-05-05 16:21:10.141099+05:30,2026-05-12 09:38:46.805587+05:30
63,Bhopal,bhopal,district,54,Madhya Pradesh,Bhopal,,23,396,,,lgd,Madhya Pradesh > Bhopal,20,True,2026-05-05 16:21:10.141099+05:30,2026-05-12 09:38:46.805587+05:30
64,Burhanpur,burhanpur,district,54,Madhya Pradesh,Burhanpur,,23,397,,,lgd,Madhya Pradesh > Burhanpur,20,True,2026-05-05 16:21:10.141099+05:30,2026-05-12 09:38:46.805587+05:30
65,Chhatarpur,chhatarpur,district,54,Madhya Pradesh,Chhatarpur,,23,398,,,lgd,Madhya Pradesh > Chhatarpur,20,True,2026-05-05 16:21:10.141099+05:30,2026-05-12 09:38:46.805587+05:30
66,Chhindwara,chhindwara,district,54,Madhya Pradesh,Chhindwara,,23,399,,,lgd,Madhya Pradesh > Chhindwara,20,True,2026-05-05 16:21:10.141099+05:30,2026-05-12 09:38:46.805587+05:30
67,Damoh,damoh,district,54,Madhya Pradesh,Damoh,,23,400,,,lgd,Madhya Pradesh > Damoh,20,True,2026-05-05 16:21:10.141099+05:30,2026-05-12 09:38:46.805587+05:30
68,Datia,datia,district,54,Madhya Pradesh,Datia,,23,401,,,lgd,Madhya Pradesh > Datia,20,True,2026-05-05 16:21:10.141099+05:30,2026-05-12 09:38:46.805587+05:30
69,Dewas,dewas,district,54,Madhya Pradesh,Dewas,,23,402,,,lgd,Madhya Pradesh > Dewas,20,True,2026-05-05 16:21:10.141099+05:30,2026-05-12 09:38:46.805587+05:30
70,Dhar,dhar,district,54,Madhya Pradesh,Dhar,,23,403,,,lgd,Madhya Pradesh > Dhar,20,True,2026-05-05 16:21:10.141099+05:30,2026-05-12 09:38:46.805587+05:30
71,Dindori,dindori,district,54,Madhya Pradesh,Dindori,,23,404,,,lgd,Madhya Pradesh > Dindori,20,True,2026-05-05 16:21:10.141099+05:30,2026-05-12 09:38:46.805587+05:30
72,Guna,guna,district,54,Madhya Pradesh,Guna,,23,406,,,lgd,Madhya Pradesh > Guna,20,True,2026-05-05 16:21:10.141099+05:30,2026-05-12 09:38:46.805587+05:30
73,Gwalior,gwalior,district,54,Madhya Pradesh,Gwalior,,23,407,,,lgd,Madhya Pradesh > Gwalior,20,True,2026-05-05 16:21:10.141099+05:30,2026-05-12 09:38:46.805587+05:30
74,Harda,harda,district,54,Madhya Pradesh,Harda,,23,408,,,lgd,Madhya Pradesh > Harda,20,True,2026-05-05 16:21:10.141099+05:30,2026-05-12 09:38:46.805587+05:30
75,Narmadapuram,narmadapuram,district,54,Madhya Pradesh,Narmadapuram,,23,409,,,lgd,Madhya Pradesh > Narmadapuram,20,True,2026-05-05 16:21:10.141099+05:30,2026-05-12 09:38:46.805587+05:30
76,Indore,indore,district,54,Madhya Pradesh,Indore,,23,410,,,lgd,Madhya Pradesh > Indore,20,True,2026-05-05 16:21:10.141099+05:30,2026-05-12 09:38:46.805587+05:30
77,Jabalpur,jabalpur,district,54,Madhya Pradesh,Jabalpur,,23,411,,,lgd,Madhya Pradesh > Jabalpur,20,True,2026-05-05 16:21:10.141099+05:30,2026-05-12 09:38:46.805587+05:30
78,Jhabua,jhabua,district,54,Madhya Pradesh,Jhabua,,23,412,,,lgd,Madhya Pradesh > Jhabua,20,True,2026-05-05 16:21:10.141099+05:30,2026-05-12 09:38:46.805587+05:30
79,Katni,katni,district,54,Madhya Pradesh,Katni,,23,413,,,lgd,Madhya Pradesh > Katni,20,True,2026-05-05 16:21:10.141099+05:30,2026-05-12 09:38:46.805587+05:30
80,Khandwa (East Nimar),khandwa east nimar,district,54,Madhya Pradesh,Khandwa (East Nimar),,23,405,,,lgd,Madhya Pradesh > Khandwa (East Nimar),20,True,2026-05-05 16:21:10.141099+05:30,2026-05-12 09:38:46.805587+05:30
81,Khargone (West Nimar),khargone west nimar,district,54,Madhya Pradesh,Khargone (West Nimar),,23,414,,,lgd,Madhya Pradesh > Khargone (West Nimar),20,True,2026-05-05 16:21:10.141099+05:30,2026-05-12 09:38:46.805587+05:30
82,Maihar,maihar,district,54,Madhya Pradesh,Maihar,,23,784,,,lgd,Madhya Pradesh > Maihar,20,True,2026-05-05 16:21:10.141099+05:30,2026-05-12 09:38:46.805587+05:30
83,Mandla,mandla,district,54,Madhya Pradesh,Mandla,,23,415,,,lgd,Madhya Pradesh > Mandla,20,True,2026-05-05 16:21:10.141099+05:30,2026-05-12 09:38:46.805587+05:30
84,Mandsaur,mandsaur,district,54,Madhya Pradesh,Mandsaur,,23,416,,,lgd,Madhya Pradesh > Mandsaur,20,True,2026-05-05 16:21:10.141099+05:30,2026-05-12 09:38:46.805587+05:30
85,MAUGANJ,mauganj,district,54,Madhya Pradesh,MAUGANJ,,23,766,,,lgd,Madhya Pradesh > MAUGANJ,20,True,2026-05-05 16:21:10.141099+05:30,2026-05-12 09:38:46.805587+05:30
86,Morena,morena,district,54,Madhya Pradesh,Morena,,23,417,,,lgd,Madhya Pradesh > Morena,20,True,2026-05-05 16:21:10.141099+05:30,2026-05-12 09:38:46.805587+05:30
87,Narsimhapur,narsimhapur,district,54,Madhya Pradesh,Narsimhapur,,23,418,,,lgd,Madhya Pradesh > Narsimhapur,20,True,2026-05-05 16:21:10.141099+05:30,2026-05-12 09:38:46.805587+05:30
88,Neemuch,neemuch,district,54,Madhya Pradesh,Neemuch,,23,419,,,lgd,Madhya Pradesh > Neemuch,20,True,2026-05-05 16:21:10.141099+05:30,2026-05-12 09:38:46.805587+05:30
89,Niwari,niwari,district,54,Madhya Pradesh,Niwari,,23,722,,,lgd,Madhya Pradesh > Niwari,20,True,2026-05-05 16:21:10.141099+05:30,2026-05-12 09:38:46.805587+05:30
90,Pandhurna,pandhurna,district,54,Madhya Pradesh,Pandhurna,,23,785,,,lgd,Madhya Pradesh > Pandhurna,20,True,2026-05-05 16:21:10.141099+05:30,2026-05-12 09:38:46.805587+05:30
91,Panna,panna,district,54,Madhya Pradesh,Panna,,23,420,,,lgd,Madhya Pradesh > Panna,20,True,2026-05-05 16:21:10.141099+05:30,2026-05-12 09:38:46.805587+05:30
92,Raisen,raisen,district,54,Madhya Pradesh,Raisen,,23,421,,,lgd,Madhya Pradesh > Raisen,20,True,2026-05-05 16:21:10.141099+05:30,2026-05-12 09:38:46.805587+05:30
93,Rajgarh,rajgarh,district,54,Madhya Pradesh,Rajgarh,,23,422,,,lgd,Madhya Pradesh > Rajgarh,20,True,2026-05-05 16:21:10.141099+05:30,2026-05-12 09:38:46.805587+05:30
94,Ratlam,ratlam,district,54,Madhya Pradesh,Ratlam,,23,423,,,lgd,Madhya Pradesh > Ratlam,20,True,2026-05-05 16:21:10.141099+05:30,2026-05-12 09:38:46.805587+05:30
95,Rewa,rewa,district,54,Madhya Pradesh,Rewa,,23,424,,,lgd,Madhya Pradesh > Rewa,20,True,2026-05-05 16:21:10.141099+05:30,2026-05-12 09:38:46.805587+05:30
96,Sagar,sagar,district,54,Madhya Pradesh,Sagar,,23,425,,,lgd,Madhya Pradesh > Sagar,20,True,2026-05-05 16:21:10.141099+05:30,2026-05-12 09:38:46.805587+05:30
97,Satna,satna,district,54,Madhya Pradesh,Satna,,23,426,,,lgd,Madhya Pradesh > Satna,20,True,2026-05-05 16:21:10.141099+05:30,2026-05-12 09:38:46.805587+05:30
98,Sehore,sehore,district,54,Madhya Pradesh,Sehore,,23,427,,,lgd,Madhya Pradesh > Sehore,20,True,2026-05-05 16:21:10.141099+05:30,2026-05-12 09:38:46.805587+05:30
99,Seoni,seoni,district,54,Madhya Pradesh,Seoni,,23,428,,,lgd,Madhya Pradesh > Seoni,20,True,2026-05-05 16:21:10.141099+05:30,2026-05-12 09:38:46.805587+05:30
100,Shahdol,shahdol,district,54,Madhya Pradesh,Shahdol,,23,429,,,lgd,Madhya Pradesh > Shahdol,20,True,2026-05-05 16:21:10.141099+05:30,2026-05-12 09:38:46.805587+05:30
101,Shajapur,shajapur,district,54,Madhya Pradesh,Shajapur,,23,430,,,lgd,Madhya Pradesh > Shajapur,20,True,2026-05-05 16:21:10.141099+05:30,2026-05-12 09:38:46.805587+05:30
102,Sheopur,sheopur,district,54,Madhya Pradesh,Sheopur,,23,431,,,lgd,Madhya Pradesh > Sheopur,20,True,2026-05-05 16:21:10.141099+05:30,2026-05-12 09:38:46.805587+05:30
103,Shivpuri,shivpuri,district,54,Madhya Pradesh,Shivpuri,,23,432,,,lgd,Madhya Pradesh > Shivpuri,20,True,2026-05-05 16:21:10.141099+05:30,2026-05-12 09:38:46.805587+05:30
104,Sidhi,sidhi,district,54,Madhya Pradesh,Sidhi,,23,433,,,lgd,Madhya Pradesh > Sidhi,20,True,2026-05-05 16:21:10.141099+05:30,2026-05-12 09:38:46.805587+05:30
105,Singrauli,singrauli,district,54,Madhya Pradesh,Singrauli,,23,638,,,lgd,Madhya Pradesh > Singrauli,20,True,2026-05-05 16:21:10.141099+05:30,2026-05-12 09:38:46.805587+05:30
106,Tikamgarh,tikamgarh,district,54,Madhya Pradesh,Tikamgarh,,23,434,,,lgd,Madhya Pradesh > Tikamgarh,20,True,2026-05-05 16:21:10.141099+05:30,2026-05-12 09:38:46.805587+05:30
107,Ujjain,ujjain,district,54,Madhya Pradesh,Ujjain,,23,435,,,lgd,Madhya Pradesh > Ujjain,20,True,2026-05-05 16:21:10.141099+05:30,2026-05-12 09:38:46.805587+05:30
108,Umaria,umaria,district,54,Madhya Pradesh,Umaria,,23,436,,,lgd,Madhya Pradesh > Umaria,20,True,2026-05-05 16:21:10.141099+05:30,2026-05-12 09:38:46.805587+05:30
109,Vidisha,vidisha,district,54,Madhya Pradesh,Vidisha,,23,437,,,lgd,Madhya Pradesh > Vidisha,20,True,2026-05-05 16:21:10.141099+05:30,2026-05-12 09:38:46.805587+05:30
111,Agra,agra,district,110,Uttar Pradesh,Agra,,9,118,,,lgd,Uttar Pradesh > Agra,20,True,2026-05-05 16:21:10.141099+05:30,2026-05-12 09:38:46.805587+05:30
112,Aligarh,aligarh,district,110,Uttar Pradesh,Aligarh,,9,119,,,lgd,Uttar Pradesh > Aligarh,20,True,2026-05-05 16:21:10.141099+05:30,2026-05-12 09:38:46.805587+05:30
113,Ambedkar Nagar,ambedkar nagar,district,110,Uttar Pradesh,Ambedkar Nagar,,9,121,,,lgd,Uttar Pradesh > Ambedkar Nagar,20,True,2026-05-05 16:21:10.141099+05:30,2026-05-12 09:38:46.805587+05:30
114,Amethi,amethi,district,110,Uttar Pradesh,Amethi,,9,640,,,lgd,Uttar Pradesh > Amethi,20,True,2026-05-05 16:21:10.141099+05:30,2026-05-12 09:38:46.805587+05:30
115,Amroha,amroha,district,110,Uttar Pradesh,Amroha,,9,154,,,lgd,Uttar Pradesh > Amroha,20,True,2026-05-05 16:21:10.141099+05:30,2026-05-12 09:38:46.805587+05:30
116,Auraiya,auraiya,district,110,Uttar Pradesh,Auraiya,,9,122,,,lgd,Uttar Pradesh > Auraiya,20,True,2026-05-05 16:21:10.141099+05:30,2026-05-12 09:38:46.805587+05:30
117,Ayodhya,ayodhya,district,110,Uttar Pradesh,Ayodhya,,9,140,,,lgd,Uttar Pradesh > Ayodhya,20,True,2026-05-05 16:21:10.141099+05:30,2026-05-12 09:38:46.805587+05:30
118,Azamgarh,azamgarh,district,110,Uttar Pradesh,Azamgarh,,9,123,,,lgd,Uttar Pradesh > Azamgarh,20,True,2026-05-05 16:21:10.141099+05:30,2026-05-12 09:38:46.805587+05:30
119,Budaun,budaun,district,110,Uttar Pradesh,Budaun,,9,133,,,lgd,Uttar Pradesh > Budaun,20,True,2026-05-05 16:21:10.141099+05:30,2026-05-12 09:38:46.805587+05:30
120,Baghpat,baghpat,district,110,Uttar Pradesh,Baghpat,,9,124,,,lgd,Uttar Pradesh > Baghpat,20,True,2026-05-05 16:21:10.141099+05:30,2026-05-12 09:38:46.805587+05:30
121,Bahraich,bahraich,district,110,Uttar Pradesh,Bahraich,,9,125,,,lgd,Uttar Pradesh > Bahraich,20,True,2026-05-05 16:21:10.141099+05:30,2026-05-12 09:38:46.805587+05:30
122,Ballia,ballia,district,110,Uttar Pradesh,Ballia,,9,126,,,lgd,Uttar Pradesh > Ballia,20,True,2026-05-05 16:21:10.141099+05:30,2026-05-12 09:38:46.805587+05:30
123,Balrampur,balrampur,district,110,Uttar Pradesh,Balrampur,,9,127,,,lgd,Uttar Pradesh > Balrampur,20,True,2026-05-05 16:21:10.141099+05:30,2026-05-12 09:38:46.805587+05:30
124,Banda,banda,district,110,Uttar Pradesh,Banda,,9,128,,,lgd,Uttar Pradesh > Banda,20,True,2026-05-05 16:21:10.141099+05:30,2026-05-12 09:38:46.805587+05:30
125,Bara Banki,bara banki,district,110,Uttar Pradesh,Bara Banki,,9,129,,,lgd,Uttar Pradesh > Bara Banki,20,True,2026-05-05 16:21:10.141099+05:30,2026-05-12 09:38:46.805587+05:30
126,Bareilly,bareilly,district,110,Uttar Pradesh,Bareilly,,9,130,,,lgd,Uttar Pradesh > Bareilly,20,True,2026-05-05 16:21:10.141099+05:30,2026-05-12 09:38:46.805587+05:30
127,Basti,basti,district,110,Uttar Pradesh,Basti,,9,131,,,lgd,Uttar Pradesh > Basti,20,True,2026-05-05 16:21:10.141099+05:30,2026-05-12 09:38:46.805587+05:30
128,Bhadohi,bhadohi,district,110,Uttar Pradesh,Bhadohi,,9,179,,,lgd,Uttar Pradesh > Bhadohi,20,True,2026-05-05 16:21:10.141099+05:30,2026-05-12 09:38:46.805587+05:30
129,Bijnor,bijnor,district,110,Uttar Pradesh,Bijnor,,9,132,,,lgd,Uttar Pradesh > Bijnor,20,True,2026-05-05 16:21:10.141099+05:30,2026-05-12 09:38:46.805587+05:30
130,Bulandshahr,bulandshahr,district,110,Uttar Pradesh,Bulandshahr,,9,134,,,lgd,Uttar Pradesh > Bulandshahr,20,True,2026-05-05 16:21:10.141099+05:30,2026-05-12 09:38:46.805587+05:30
131,Chandauli,chandauli,district,110,Uttar Pradesh,Chandauli,,9,135,,,lgd,Uttar Pradesh > Chandauli,20,True,2026-05-05 16:21:10.141099+05:30,2026-05-12 09:38:46.805587+05:30
132,Chitrakoot,chitrakoot,district,110,Uttar Pradesh,Chitrakoot,,9,136,,,lgd,Uttar Pradesh > Chitrakoot,20,True,2026-05-05 16:21:10.141099+05:30,2026-05-12 09:38:46.805587+05:30
133,Deoria,deoria,district,110,Uttar Pradesh,Deoria,,9,137,,,lgd,Uttar Pradesh > Deoria,20,True,2026-05-05 16:21:10.141099+05:30,2026-05-12 09:38:46.805587+05:30
134,Etah,etah,district,110,Uttar Pradesh,Etah,,9,138,,,lgd,Uttar Pradesh > Etah,20,True,2026-05-05 16:21:10.141099+05:30,2026-05-12 09:38:46.805587+05:30
135,Etawah,etawah,district,110,Uttar Pradesh,Etawah,,9,139,,,lgd,Uttar Pradesh > Etawah,20,True,2026-05-05 16:21:10.141099+05:30,2026-05-12 09:38:46.805587+05:30
136,Farrukhabad,farrukhabad,district,110,Uttar Pradesh,Farrukhabad,,9,141,,,lgd,Uttar Pradesh > Farrukhabad,20,True,2026-05-05 16:21:10.141099+05:30,2026-05-12 09:38:46.805587+05:30
137,Fatehpur,fatehpur,district,110,Uttar Pradesh,Fatehpur,,9,142,,,lgd,Uttar Pradesh > Fatehpur,20,True,2026-05-05 16:21:10.141099+05:30,2026-05-12 09:38:46.805587+05:30
138,Firozabad,firozabad,district,110,Uttar Pradesh,Firozabad,,9,143,,,lgd,Uttar Pradesh > Firozabad,20,True,2026-05-05 16:21:10.141099+05:30,2026-05-12 09:38:46.805587+05:30
139,Gautam Buddha Nagar,gautam buddha nagar,district,110,Uttar Pradesh,Gautam Buddha Nagar,,9,144,,,lgd,Uttar Pradesh > Gautam Buddha Nagar,20,True,2026-05-05 16:21:10.141099+05:30,2026-05-12 09:38:46.805587+05:30
140,Ghaziabad,ghaziabad,district,110,Uttar Pradesh,Ghaziabad,,9,145,,,lgd,Uttar Pradesh > Ghaziabad,20,True,2026-05-05 16:21:10.141099+05:30,2026-05-12 09:38:46.805587+05:30
141,Ghazipur,ghazipur,district,110,Uttar Pradesh,Ghazipur,,9,146,,,lgd,Uttar Pradesh > Ghazipur,20,True,2026-05-05 16:21:10.141099+05:30,2026-05-12 09:38:46.805587+05:30
142,Gonda,gonda,district,110,Uttar Pradesh,Gonda,,9,147,,,lgd,Uttar Pradesh > Gonda,20,True,2026-05-05 16:21:10.141099+05:30,2026-05-12 09:38:46.805587+05:30
143,Gorakhpur,gorakhpur,district,110,Uttar Pradesh,Gorakhpur,,9,148,,,lgd,Uttar Pradesh > Gorakhpur,20,True,2026-05-05 16:21:10.141099+05:30,2026-05-12 09:38:46.805587+05:30
144,Hamirpur,hamirpur,district,110,Uttar Pradesh,Hamirpur,,9,149,,,lgd,Uttar Pradesh > Hamirpur,20,True,2026-05-05 16:21:10.141099+05:30,2026-05-12 09:38:46.805587+05:30
145,Hapur,hapur,district,110,Uttar Pradesh,Hapur,,9,661,,,lgd,Uttar Pradesh > Hapur,20,True,2026-05-05 16:21:10.141099+05:30,2026-05-12 09:38:46.805587+05:30
146,Hardoi,hardoi,district,110,Uttar Pradesh,Hardoi,,9,150,,,lgd,Uttar Pradesh > Hardoi,20,True,2026-05-05 16:21:10.141099+05:30,2026-05-12 09:38:46.805587+05:30
147,Hathras,hathras,district,110,Uttar Pradesh,Hathras,,9,163,,,lgd,Uttar Pradesh > Hathras,20,True,2026-05-05 16:21:10.141099+05:30,2026-05-12 09:38:46.805587+05:30
148,Jalaun,jalaun,district,110,Uttar Pradesh,Jalaun,,9,151,,,lgd,Uttar Pradesh > Jalaun,20,True,2026-05-05 16:21:10.141099+05:30,2026-05-12 09:38:46.805587+05:30
149,Jaunpur,jaunpur,district,110,Uttar Pradesh,Jaunpur,,9,152,,,lgd,Uttar Pradesh > Jaunpur,20,True,2026-05-05 16:21:10.141099+05:30,2026-05-12 09:38:46.805587+05:30
150,Jhansi,jhansi,district,110,Uttar Pradesh,Jhansi,,9,153,,,lgd,Uttar Pradesh > Jhansi,20,True,2026-05-05 16:21:10.141099+05:30,2026-05-12 09:38:46.805587+05:30
151,Kannauj,kannauj,district,110,Uttar Pradesh,Kannauj,,9,155,,,lgd,Uttar Pradesh > Kannauj,20,True,2026-05-05 16:21:10.141099+05:30,2026-05-12 09:38:46.805587+05:30
152,Kanpur Dehat,kanpur dehat,district,110,Uttar Pradesh,Kanpur Dehat,,9,156,,,lgd,Uttar Pradesh > Kanpur Dehat,20,True,2026-05-05 16:21:10.141099+05:30,2026-05-12 09:38:46.805587+05:30
153,Kanpur Nagar,kanpur nagar,district,110,Uttar Pradesh,Kanpur Nagar,,9,157,,,lgd,Uttar Pradesh > Kanpur Nagar,20,True,2026-05-05 16:21:10.141099+05:30,2026-05-12 09:38:46.805587+05:30
154,Kasganj,kasganj,district,110,Uttar Pradesh,Kasganj,,9,633,,,lgd,Uttar Pradesh > Kasganj,20,True,2026-05-05 16:21:10.141099+05:30,2026-05-12 09:38:46.805587+05:30
155,Kaushambi,kaushambi,district,110,Uttar Pradesh,Kaushambi,,9,158,,,lgd,Uttar Pradesh > Kaushambi,20,True,2026-05-05 16:21:10.141099+05:30,2026-05-12 09:38:46.805587+05:30
156,Kushinagar,kushinagar,district,110,Uttar Pradesh,Kushinagar,,9,160,,,lgd,Uttar Pradesh > Kushinagar,20,True,2026-05-05 16:21:10.141099+05:30,2026-05-12 09:38:46.805587+05:30
157,Kheri,kheri,district,110,Uttar Pradesh,Kheri,,9,159,,,lgd,Uttar Pradesh > Kheri,20,True,2026-05-05 16:21:10.141099+05:30,2026-05-12 09:38:46.805587+05:30
158,Lalitpur,lalitpur,district,110,Uttar Pradesh,Lalitpur,,9,161,,,lgd,Uttar Pradesh > Lalitpur,20,True,2026-05-05 16:21:10.141099+05:30,2026-05-12 09:38:46.805587+05:30
159,Lucknow,lucknow,district,110,Uttar Pradesh,Lucknow,,9,162,,,lgd,Uttar Pradesh > Lucknow,20,True,2026-05-05 16:21:10.141099+05:30,2026-05-12 09:38:46.805587+05:30
160,Mahrajganj,mahrajganj,district,110,Uttar Pradesh,Mahrajganj,,9,164,,,lgd,Uttar Pradesh > Mahrajganj,20,True,2026-05-05 16:21:10.141099+05:30,2026-05-12 09:38:46.805587+05:30
161,Mahoba,mahoba,district,110,Uttar Pradesh,Mahoba,,9,165,,,lgd,Uttar Pradesh > Mahoba,20,True,2026-05-05 16:21:10.141099+05:30,2026-05-12 09:38:46.805587+05:30
162,Mainpuri,mainpuri,district,110,Uttar Pradesh,Mainpuri,,9,166,,,lgd,Uttar Pradesh > Mainpuri,20,True,2026-05-05 16:21:10.141099+05:30,2026-05-12 09:38:46.805587+05:30
163,Mathura,mathura,district,110,Uttar Pradesh,Mathura,,9,167,,,lgd,Uttar Pradesh > Mathura,20,True,2026-05-05 16:21:10.141099+05:30,2026-05-12 09:38:46.805587+05:30
164,Mau,mau,district,110,Uttar Pradesh,Mau,,9,168,,,lgd,Uttar Pradesh > Mau,20,True,2026-05-05 16:21:10.141099+05:30,2026-05-12 09:38:46.805587+05:30
165,Meerut,meerut,district,110,Uttar Pradesh,Meerut,,9,169,,,lgd,Uttar Pradesh > Meerut,20,True,2026-05-05 16:21:10.141099+05:30,2026-05-12 09:38:46.805587+05:30
166,Mirzapur,mirzapur,district,110,Uttar Pradesh,Mirzapur,,9,170,,,lgd,Uttar Pradesh > Mirzapur,20,True,2026-05-05 16:21:10.141099+05:30,2026-05-12 09:38:46.805587+05:30
167,Moradabad,moradabad,district,110,Uttar Pradesh,Moradabad,,9,171,,,lgd,Uttar Pradesh > Moradabad,20,True,2026-05-05 16:21:10.141099+05:30,2026-05-12 09:38:46.805587+05:30
168,Muzaffarnagar,muzaffarnagar,district,110,Uttar Pradesh,Muzaffarnagar,,9,172,,,lgd,Uttar Pradesh > Muzaffarnagar,20,True,2026-05-05 16:21:10.141099+05:30,2026-05-12 09:38:46.805587+05:30
169,Pilibhit,pilibhit,district,110,Uttar Pradesh,Pilibhit,,9,173,,,lgd,Uttar Pradesh > Pilibhit,20,True,2026-05-05 16:21:10.141099+05:30,2026-05-12 09:38:46.805587+05:30
170,Pratapgarh,pratapgarh,district,110,Uttar Pradesh,Pratapgarh,,9,174,,,lgd,Uttar Pradesh > Pratapgarh,20,True,2026-05-05 16:21:10.141099+05:30,2026-05-12 09:38:46.805587+05:30
171,Prayagraj,prayagraj,district,110,Uttar Pradesh,Prayagraj,,9,120,,,lgd,Uttar Pradesh > Prayagraj,20,True,2026-05-05 16:21:10.141099+05:30,2026-05-12 09:38:46.805587+05:30
172,Rae Bareli,rae bareli,district,110,Uttar Pradesh,Rae Bareli,,9,175,,,lgd,Uttar Pradesh > Rae Bareli,20,True,2026-05-05 16:21:10.141099+05:30,2026-05-12 09:38:46.805587+05:30
173,Rampur,rampur,district,110,Uttar Pradesh,Rampur,,9,176,,,lgd,Uttar Pradesh > Rampur,20,True,2026-05-05 16:21:10.141099+05:30,2026-05-12 09:38:46.805587+05:30
174,Saharanpur,saharanpur,district,110,Uttar Pradesh,Saharanpur,,9,177,,,lgd,Uttar Pradesh > Saharanpur,20,True,2026-05-05 16:21:10.141099+05:30,2026-05-12 09:38:46.805587+05:30
175,Sambhal,sambhal,district,110,Uttar Pradesh,Sambhal,,9,659,,,lgd,Uttar Pradesh > Sambhal,20,True,2026-05-05 16:21:10.141099+05:30,2026-05-12 09:38:46.805587+05:30
176,Sant Kabir Nagar,sant kabir nagar,district,110,Uttar Pradesh,Sant Kabir Nagar,,9,178,,,lgd,Uttar Pradesh > Sant Kabir Nagar,20,True,2026-05-05 16:21:10.141099+05:30,2026-05-12 09:38:46.805587+05:30
177,Shahjahanpur,shahjahanpur,district,110,Uttar Pradesh,Shahjahanpur,,9,180,,,lgd,Uttar Pradesh > Shahjahanpur,20,True,2026-05-05 16:21:10.141099+05:30,2026-05-12 09:38:46.805587+05:30
178,Shamli,shamli,district,110,Uttar Pradesh,Shamli,,9,660,,,lgd,Uttar Pradesh > Shamli,20,True,2026-05-05 16:21:10.141099+05:30,2026-05-12 09:38:46.805587+05:30
179,Shrawasti,shrawasti,district,110,Uttar Pradesh,Shrawasti,,9,181,,,lgd,Uttar Pradesh > Shrawasti,20,True,2026-05-05 16:21:10.141099+05:30,2026-05-12 09:38:46.805587+05:30
180,Siddharthnagar,siddharthnagar,district,110,Uttar Pradesh,Siddharthnagar,,9,182,,,lgd,Uttar Pradesh > Siddharthnagar,20,True,2026-05-05 16:21:10.141099+05:30,2026-05-12 09:38:46.805587+05:30
181,Sitapur,sitapur,district,110,Uttar Pradesh,Sitapur,,9,183,,,lgd,Uttar Pradesh > Sitapur,20,True,2026-05-05 16:21:10.141099+05:30,2026-05-12 09:38:46.805587+05:30
182,Sonbhadra,sonbhadra,district,110,Uttar Pradesh,Sonbhadra,,9,184,,,lgd,Uttar Pradesh > Sonbhadra,20,True,2026-05-05 16:21:10.141099+05:30,2026-05-12 09:38:46.805587+05:30
183,Sultanpur,sultanpur,district,110,Uttar Pradesh,Sultanpur,,9,185,,,lgd,Uttar Pradesh > Sultanpur,20,True,2026-05-05 16:21:10.141099+05:30,2026-05-12 09:38:46.805587+05:30
184,Unnao,unnao,district,110,Uttar Pradesh,Unnao,,9,186,,,lgd,Uttar Pradesh > Unnao,20,True,2026-05-05 16:21:10.141099+05:30,2026-05-12 09:38:46.805587+05:30
185,Varanasi,varanasi,district,110,Uttar Pradesh,Varanasi,,9,187,,,lgd,Uttar Pradesh > Varanasi,20,True,2026-05-05 16:21:10.141099+05:30,2026-05-12 09:38:46.805587+05:30
187,Alluri Sitharama Raju,alluri sitharama raju,district,186,Andhra Pradesh,Alluri Sitharama Raju,,28,745,,,lgd,Andhra Pradesh > Alluri Sitharama Raju,20,True,2026-05-07 20:18:55.862663+05:30,2026-05-12 09:38:46.805587+05:30
188,Anakapalli,anakapalli,district,186,Andhra Pradesh,Anakapalli,,28,744,,,lgd,Andhra Pradesh > Anakapalli,20,True,2026-05-07 20:18:55.862663+05:30,2026-05-12 09:38:46.805587+05:30
189,Ananthapuramu,ananthapuramu,district,186,Andhra Pradesh,Ananthapuramu,,28,502,,,lgd,Andhra Pradesh > Ananthapuramu,20,True,2026-05-07 20:18:55.862663+05:30,2026-05-12 09:38:46.805587+05:30
190,Annamayya,annamayya,district,186,Andhra Pradesh,Annamayya,,28,753,,,lgd,Andhra Pradesh > Annamayya,20,True,2026-05-07 20:18:55.862663+05:30,2026-05-12 09:38:46.805587+05:30
191,Bapatla,bapatla,district,186,Andhra Pradesh,Bapatla,,28,750,,,lgd,Andhra Pradesh > Bapatla,20,True,2026-05-07 20:18:55.862663+05:30,2026-05-12 09:38:46.805587+05:30
192,Chittoor,chittoor,district,186,Andhra Pradesh,Chittoor,,28,503,,,lgd,Andhra Pradesh > Chittoor,20,True,2026-05-07 20:18:55.862663+05:30,2026-05-12 09:38:46.805587+05:30
193,East Godavari,east godavari,district,186,Andhra Pradesh,East Godavari,,28,505,,,lgd,Andhra Pradesh > East Godavari,20,True,2026-05-07 20:18:55.862663+05:30,2026-05-12 09:38:46.805587+05:30
194,Eluru,eluru,district,186,Andhra Pradesh,Eluru,,28,748,,,lgd,Andhra Pradesh > Eluru,20,True,2026-05-07 20:18:55.862663+05:30,2026-05-12 09:38:46.805587+05:30
195,Guntur,guntur,district,186,Andhra Pradesh,Guntur,,28,506,,,lgd,Andhra Pradesh > Guntur,20,True,2026-05-07 20:18:55.862663+05:30,2026-05-12 09:38:46.805587+05:30
196,Kakinada,kakinada,district,186,Andhra Pradesh,Kakinada,,28,746,,,lgd,Andhra Pradesh > Kakinada,20,True,2026-05-07 20:18:55.862663+05:30,2026-05-12 09:38:46.805587+05:30
197,Dr. B.R. Ambedkar Konaseema,dr b r ambedkar konaseema,district,186,Andhra Pradesh,Dr. B.R. Ambedkar Konaseema,,28,747,,,lgd,Andhra Pradesh > Dr. B.R. Ambedkar Konaseema,20,True,2026-05-07 20:18:55.862663+05:30,2026-05-12 09:38:46.805587+05:30
198,Krishna,krishna,district,186,Andhra Pradesh,Krishna,,28,510,,,lgd,Andhra Pradesh > Krishna,20,True,2026-05-07 20:18:55.862663+05:30,2026-05-12 09:38:46.805587+05:30
199,Kurnool,kurnool,district,186,Andhra Pradesh,Kurnool,,28,511,,,lgd,Andhra Pradesh > Kurnool,20,True,2026-05-07 20:18:55.862663+05:30,2026-05-12 09:38:46.805587+05:30
200,Nandyal,nandyal,district,186,Andhra Pradesh,Nandyal,,28,755,,,lgd,Andhra Pradesh > Nandyal,20,True,2026-05-07 20:18:55.862663+05:30,2026-05-12 09:38:46.805587+05:30
201,Ntr,ntr,district,186,Andhra Pradesh,Ntr,,28,749,,,lgd,Andhra Pradesh > Ntr,20,True,2026-05-07 20:18:55.862663+05:30,2026-05-12 09:38:46.805587+05:30
202,Palnadu,palnadu,district,186,Andhra Pradesh,Palnadu,,28,751,,,lgd,Andhra Pradesh > Palnadu,20,True,2026-05-07 20:18:55.862663+05:30,2026-05-12 09:38:46.805587+05:30
203,Parvathipuram Manyam,parvathipuram manyam,district,186,Andhra Pradesh,Parvathipuram Manyam,,28,743,,,lgd,Andhra Pradesh > Parvathipuram Manyam,20,True,2026-05-07 20:18:55.862663+05:30,2026-05-12 09:38:46.805587+05:30
204,Prakasam,prakasam,district,186,Andhra Pradesh,Prakasam,,28,517,,,lgd,Andhra Pradesh > Prakasam,20,True,2026-05-07 20:18:55.862663+05:30,2026-05-12 09:38:46.805587+05:30
205,Sri Potti Sriramulu Nellore,sri potti sriramulu nellore,district,186,Andhra Pradesh,Sri Potti Sriramulu Nellore,,28,515,,,lgd,Andhra Pradesh > Sri Potti Sriramulu Nellore,20,True,2026-05-07 20:18:55.862663+05:30,2026-05-12 09:38:46.805587+05:30
206,Sri Sathya Sai,sri sathya sai,district,186,Andhra Pradesh,Sri Sathya Sai,,28,754,,,lgd,Andhra Pradesh > Sri Sathya Sai,20,True,2026-05-07 20:18:55.862663+05:30,2026-05-12 09:38:46.805587+05:30
207,Srikakulam,srikakulam,district,186,Andhra Pradesh,Srikakulam,,28,519,,,lgd,Andhra Pradesh > Srikakulam,20,True,2026-05-07 20:18:55.862663+05:30,2026-05-12 09:38:46.805587+05:30
208,Tirupati,tirupati,district,186,Andhra Pradesh,Tirupati,,28,752,,,lgd,Andhra Pradesh > Tirupati,20,True,2026-05-07 20:18:55.862663+05:30,2026-05-12 09:38:46.805587+05:30
209,Visakhapatnam,visakhapatnam,district,186,Andhra Pradesh,Visakhapatnam,,28,520,,,lgd,Andhra Pradesh > Visakhapatnam,20,True,2026-05-07 20:18:55.862663+05:30,2026-05-12 09:38:46.805587+05:30
210,Vizianagaram,vizianagaram,district,186,Andhra Pradesh,Vizianagaram,,28,521,,,lgd,Andhra Pradesh > Vizianagaram,20,True,2026-05-07 20:18:55.862663+05:30,2026-05-12 09:38:46.805587+05:30
211,West Godavari,west godavari,district,186,Andhra Pradesh,West Godavari,,28,523,,,lgd,Andhra Pradesh > West Godavari,20,True,2026-05-07 20:18:55.862663+05:30,2026-05-12 09:38:46.805587+05:30
212,Y.S.R.,y s r,district,186,Andhra Pradesh,Y.S.R.,,28,504,,,lgd,Andhra Pradesh > Y.S.R.,20,True,2026-05-07 20:18:55.862663+05:30,2026-05-12 09:38:46.805587+05:30
214,Anjaw,anjaw,district,213,Arunachal Pradesh,Anjaw,,12,628,,,lgd,Arunachal Pradesh > Anjaw,20,True,2026-05-07 20:18:55.862663+05:30,2026-05-12 09:38:46.805587+05:30
215,Changlang,changlang,district,213,Arunachal Pradesh,Changlang,,12,229,,,lgd,Arunachal Pradesh > Changlang,20,True,2026-05-07 20:18:55.862663+05:30,2026-05-12 09:38:46.805587+05:30
216,Dibang Valley,dibang valley,district,213,Arunachal Pradesh,Dibang Valley,,12,230,,,lgd,Arunachal Pradesh > Dibang Valley,20,True,2026-05-07 20:18:55.862663+05:30,2026-05-12 09:38:46.805587+05:30
217,East Kameng,east kameng,district,213,Arunachal Pradesh,East Kameng,,12,231,,,lgd,Arunachal Pradesh > East Kameng,20,True,2026-05-07 20:18:55.862663+05:30,2026-05-12 09:38:46.805587+05:30
218,East Siang,east siang,district,213,Arunachal Pradesh,East Siang,,12,232,,,lgd,Arunachal Pradesh > East Siang,20,True,2026-05-07 20:18:55.862663+05:30,2026-05-12 09:38:46.805587+05:30
219,Itanagar Capital Complex,itanagar capital complex,district,213,Arunachal Pradesh,Itanagar Capital Complex,,,,,,manual_pilot,Arunachal Pradesh > Itanagar Capital Complex,20,True,2026-05-07 20:18:55.862663+05:30,2026-05-07 20:18:55.862663+05:30
220,Kamle,kamle,district,213,Arunachal Pradesh,Kamle,,12,718,,,lgd,Arunachal Pradesh > Kamle,20,True,2026-05-07 20:18:55.862663+05:30,2026-05-12 09:38:46.805587+05:30
221,Kra Daadi,kra daadi,district,213,Arunachal Pradesh,Kra Daadi,,12,677,,,lgd,Arunachal Pradesh > Kra Daadi,20,True,2026-05-07 20:18:55.862663+05:30,2026-05-12 09:38:46.805587+05:30
222,Kurung Kumey,kurung kumey,district,213,Arunachal Pradesh,Kurung Kumey,,12,233,,,lgd,Arunachal Pradesh > Kurung Kumey,20,True,2026-05-07 20:18:55.862663+05:30,2026-05-12 09:38:46.805587+05:30
223,Leparada,leparada,district,213,Arunachal Pradesh,Leparada,,12,724,,,lgd,Arunachal Pradesh > Leparada,20,True,2026-05-07 20:18:55.862663+05:30,2026-05-12 09:38:46.805587+05:30
224,Lohit,lohit,district,213,Arunachal Pradesh,Lohit,,12,234,,,lgd,Arunachal Pradesh > Lohit,20,True,2026-05-07 20:18:55.862663+05:30,2026-05-12 09:38:46.805587+05:30
225,Longding,longding,district,213,Arunachal Pradesh,Longding,,12,666,,,lgd,Arunachal Pradesh > Longding,20,True,2026-05-07 20:18:55.862663+05:30,2026-05-12 09:38:46.805587+05:30
226,Lower Dibang Valley,lower dibang valley,district,213,Arunachal Pradesh,Lower Dibang Valley,,12,235,,,lgd,Arunachal Pradesh > Lower Dibang Valley,20,True,2026-05-07 20:18:55.862663+05:30,2026-05-12 09:38:46.805587+05:30
227,Lower Siang,lower siang,district,213,Arunachal Pradesh,Lower Siang,,12,719,,,lgd,Arunachal Pradesh > Lower Siang,20,True,2026-05-07 20:18:55.862663+05:30,2026-05-12 09:38:46.805587+05:30
228,Lower Subansiri,lower subansiri,district,213,Arunachal Pradesh,Lower Subansiri,,12,236,,,lgd,Arunachal Pradesh > Lower Subansiri,20,True,2026-05-07 20:18:55.862663+05:30,2026-05-12 09:38:46.805587+05:30
229,Namsai,namsai,district,213,Arunachal Pradesh,Namsai,,12,678,,,lgd,Arunachal Pradesh > Namsai,20,True,2026-05-07 20:18:55.862663+05:30,2026-05-12 09:38:46.805587+05:30
230,Pakke Kessang,pakke kessang,district,213,Arunachal Pradesh,Pakke Kessang,,12,723,,,lgd,Arunachal Pradesh > Pakke Kessang,20,True,2026-05-07 20:18:55.862663+05:30,2026-05-12 09:38:46.805587+05:30
231,Papum Pare,papum pare,district,213,Arunachal Pradesh,Papum Pare,,12,237,,,lgd,Arunachal Pradesh > Papum Pare,20,True,2026-05-07 20:18:55.862663+05:30,2026-05-12 09:38:46.805587+05:30
232,Shi Yomi,shi yomi,district,213,Arunachal Pradesh,Shi Yomi,,12,725,,,lgd,Arunachal Pradesh > Shi Yomi,20,True,2026-05-07 20:18:55.862663+05:30,2026-05-12 09:38:46.805587+05:30
233,Siang,siang,district,213,Arunachal Pradesh,Siang,,12,679,,,lgd,Arunachal Pradesh > Siang,20,True,2026-05-07 20:18:55.862663+05:30,2026-05-12 09:38:46.805587+05:30
234,Tawang,tawang,district,213,Arunachal Pradesh,Tawang,,12,238,,,lgd,Arunachal Pradesh > Tawang,20,True,2026-05-07 20:18:55.862663+05:30,2026-05-12 09:38:46.805587+05:30
235,Tirap,tirap,district,213,Arunachal Pradesh,Tirap,,12,239,,,lgd,Arunachal Pradesh > Tirap,20,True,2026-05-07 20:18:55.862663+05:30,2026-05-12 09:38:46.805587+05:30
236,Upper Siang,upper siang,district,213,Arunachal Pradesh,Upper Siang,,12,240,,,lgd,Arunachal Pradesh > Upper Siang,20,True,2026-05-07 20:18:55.862663+05:30,2026-05-12 09:38:46.805587+05:30
237,Upper Subansiri,upper subansiri,district,213,Arunachal Pradesh,Upper Subansiri,,12,241,,,lgd,Arunachal Pradesh > Upper Subansiri,20,True,2026-05-07 20:18:55.862663+05:30,2026-05-12 09:38:46.805587+05:30
238,West Kameng,west kameng,district,213,Arunachal Pradesh,West Kameng,,12,242,,,lgd,Arunachal Pradesh > West Kameng,20,True,2026-05-07 20:18:55.862663+05:30,2026-05-12 09:38:46.805587+05:30
239,West Siang,west siang,district,213,Arunachal Pradesh,West Siang,,12,243,,,lgd,Arunachal Pradesh > West Siang,20,True,2026-05-07 20:18:55.862663+05:30,2026-05-12 09:38:46.805587+05:30
241,Baksa,baksa,district,240,Assam,Baksa,,18,616,,,lgd,Assam > Baksa,20,True,2026-05-07 20:18:55.862663+05:30,2026-05-12 09:38:46.805587+05:30
242,Barpeta,barpeta,district,240,Assam,Barpeta,,18,280,,,lgd,Assam > Barpeta,20,True,2026-05-07 20:18:55.862663+05:30,2026-05-12 09:38:46.805587+05:30
243,Biswanath,biswanath,district,240,Assam,Biswanath,,18,705,,,lgd,Assam > Biswanath,20,True,2026-05-07 20:18:55.862663+05:30,2026-05-12 09:38:46.805587+05:30
244,Bongaigaon,bongaigaon,district,240,Assam,Bongaigaon,,18,281,,,lgd,Assam > Bongaigaon,20,True,2026-05-07 20:18:55.862663+05:30,2026-05-12 09:38:46.805587+05:30
245,Cachar,cachar,district,240,Assam,Cachar,,18,282,,,lgd,Assam > Cachar,20,True,2026-05-07 20:18:55.862663+05:30,2026-05-12 09:38:46.805587+05:30
246,Charaideo,charaideo,district,240,Assam,Charaideo,,18,708,,,lgd,Assam > Charaideo,20,True,2026-05-07 20:18:55.862663+05:30,2026-05-12 09:38:46.805587+05:30
247,Chirang,chirang,district,240,Assam,Chirang,,18,612,,,lgd,Assam > Chirang,20,True,2026-05-07 20:18:55.862663+05:30,2026-05-12 09:38:46.805587+05:30
248,Darrang,darrang,district,240,Assam,Darrang,,18,283,,,lgd,Assam > Darrang,20,True,2026-05-07 20:18:55.862663+05:30,2026-05-12 09:38:46.805587+05:30
249,Dhemaji,dhemaji,district,240,Assam,Dhemaji,,18,284,,,lgd,Assam > Dhemaji,20,True,2026-05-07 20:18:55.862663+05:30,2026-05-12 09:38:46.805587+05:30
250,Dhubri,dhubri,district,240,Assam,Dhubri,,18,285,,,lgd,Assam > Dhubri,20,True,2026-05-07 20:18:55.862663+05:30,2026-05-12 09:38:46.805587+05:30
251,Dibrugarh,dibrugarh,district,240,Assam,Dibrugarh,,18,286,,,lgd,Assam > Dibrugarh,20,True,2026-05-07 20:18:55.862663+05:30,2026-05-12 09:38:46.805587+05:30
252,Dima Hasao,dima hasao,district,240,Assam,Dima Hasao,,18,299,,,lgd,Assam > Dima Hasao,20,True,2026-05-07 20:18:55.862663+05:30,2026-05-12 09:38:46.805587+05:30
253,Goalpara,goalpara,district,240,Assam,Goalpara,,18,287,,,lgd,Assam > Goalpara,20,True,2026-05-07 20:18:55.862663+05:30,2026-05-12 09:38:46.805587+05:30
254,Golaghat,golaghat,district,240,Assam,Golaghat,,18,288,,,lgd,Assam > Golaghat,20,True,2026-05-07 20:18:55.862663+05:30,2026-05-12 09:38:46.805587+05:30
255,Hailakandi,hailakandi,district,240,Assam,Hailakandi,,18,289,,,lgd,Assam > Hailakandi,20,True,2026-05-07 20:18:55.862663+05:30,2026-05-12 09:38:46.805587+05:30
256,Hojai,hojai,district,240,Assam,Hojai,,18,709,,,lgd,Assam > Hojai,20,True,2026-05-07 20:18:55.862663+05:30,2026-05-12 09:38:46.805587+05:30
257,Jorhat,jorhat,district,240,Assam,Jorhat,,18,290,,,lgd,Assam > Jorhat,20,True,2026-05-07 20:18:55.862663+05:30,2026-05-12 09:38:46.805587+05:30
258,Kamrup,kamrup,district,240,Assam,Kamrup,,18,291,,,lgd,Assam > Kamrup,20,True,2026-05-07 20:18:55.862663+05:30,2026-05-12 09:38:46.805587+05:30
259,Kamrup Metro,kamrup metro,district,240,Assam,Kamrup Metro,,18,618,,,lgd,Assam > Kamrup Metro,20,True,2026-05-07 20:18:55.862663+05:30,2026-05-12 09:38:46.805587+05:30
260,Karbi Anglong,karbi anglong,district,240,Assam,Karbi Anglong,,18,292,,,lgd,Assam > Karbi Anglong,20,True,2026-05-07 20:18:55.862663+05:30,2026-05-12 09:38:46.805587+05:30
261,Karimganj,karimganj,district,240,Assam,Karimganj,,18,293,,,lgd,Assam > Karimganj,20,True,2026-05-07 20:18:55.862663+05:30,2026-05-12 09:38:46.805587+05:30
262,Kokrajhar,kokrajhar,district,240,Assam,Kokrajhar,,18,294,,,lgd,Assam > Kokrajhar,20,True,2026-05-07 20:18:55.862663+05:30,2026-05-12 09:38:46.805587+05:30
263,Lakhimpur,lakhimpur,district,240,Assam,Lakhimpur,,18,295,,,lgd,Assam > Lakhimpur,20,True,2026-05-07 20:18:55.862663+05:30,2026-05-12 09:38:46.805587+05:30
264,Majuli,majuli,district,240,Assam,Majuli,,18,706,,,lgd,Assam > Majuli,20,True,2026-05-07 20:18:55.862663+05:30,2026-05-12 09:38:46.805587+05:30
265,Marigaon,marigaon,district,240,Assam,Marigaon,,18,296,,,lgd,Assam > Marigaon,20,True,2026-05-07 20:18:55.862663+05:30,2026-05-12 09:38:46.805587+05:30
266,Nagaon,nagaon,district,240,Assam,Nagaon,,18,297,,,lgd,Assam > Nagaon,20,True,2026-05-07 20:18:55.862663+05:30,2026-05-12 09:38:46.805587+05:30
267,Nalbari,nalbari,district,240,Assam,Nalbari,,18,298,,,lgd,Assam > Nalbari,20,True,2026-05-07 20:18:55.862663+05:30,2026-05-12 09:38:46.805587+05:30
268,Sivasagar,sivasagar,district,240,Assam,Sivasagar,,18,300,,,lgd,Assam > Sivasagar,20,True,2026-05-07 20:18:55.862663+05:30,2026-05-12 09:38:46.805587+05:30
269,Sonitpur,sonitpur,district,240,Assam,Sonitpur,,18,301,,,lgd,Assam > Sonitpur,20,True,2026-05-07 20:18:55.862663+05:30,2026-05-12 09:38:46.805587+05:30
270,South Salmara Mancachar,south salmara mancachar,district,240,Assam,South Salmara Mancachar,,18,707,,,lgd,Assam > South Salmara Mancachar,20,True,2026-05-07 20:18:55.862663+05:30,2026-05-12 09:38:46.805587+05:30
271,Tinsukia,tinsukia,district,240,Assam,Tinsukia,,18,302,,,lgd,Assam > Tinsukia,20,True,2026-05-07 20:18:55.862663+05:30,2026-05-12 09:38:46.805587+05:30
272,Udalguri,udalguri,district,240,Assam,Udalguri,,18,617,,,lgd,Assam > Udalguri,20,True,2026-05-07 20:18:55.862663+05:30,2026-05-12 09:38:46.805587+05:30
273,West Karbi Anglong,west karbi anglong,district,240,Assam,West Karbi Anglong,,18,710,,,lgd,Assam > West Karbi Anglong,20,True,2026-05-07 20:18:55.862663+05:30,2026-05-12 09:38:46.805587+05:30
275,Araria,araria,district,274,Bihar,Araria,,10,188,,,lgd,Bihar > Araria,20,True,2026-05-07 20:18:55.862663+05:30,2026-05-12 09:38:46.805587+05:30
276,Arwal,arwal,district,274,Bihar,Arwal,,10,611,,,lgd,Bihar > Arwal,20,True,2026-05-07 20:18:55.862663+05:30,2026-05-12 09:38:46.805587+05:30
277,Aurangabad,aurangabad,district,274,Bihar,Aurangabad,,10,189,,,lgd,Bihar > Aurangabad,20,True,2026-05-07 20:18:55.862663+05:30,2026-05-12 09:38:46.805587+05:30
278,Banka,banka,district,274,Bihar,Banka,,10,190,,,lgd,Bihar > Banka,20,True,2026-05-07 20:18:55.862663+05:30,2026-05-12 09:38:46.805587+05:30
279,Begusarai,begusarai,district,274,Bihar,Begusarai,,10,191,,,lgd,Bihar > Begusarai,20,True,2026-05-07 20:18:55.862663+05:30,2026-05-12 09:38:46.805587+05:30
280,Bhagalpur,bhagalpur,district,274,Bihar,Bhagalpur,,10,192,,,lgd,Bihar > Bhagalpur,20,True,2026-05-07 20:18:55.862663+05:30,2026-05-12 09:38:46.805587+05:30
281,Bhojpur,bhojpur,district,274,Bihar,Bhojpur,,10,193,,,lgd,Bihar > Bhojpur,20,True,2026-05-07 20:18:55.862663+05:30,2026-05-12 09:38:46.805587+05:30
282,Buxar,buxar,district,274,Bihar,Buxar,,10,194,,,lgd,Bihar > Buxar,20,True,2026-05-07 20:18:55.862663+05:30,2026-05-12 09:38:46.805587+05:30
283,Darbhanga,darbhanga,district,274,Bihar,Darbhanga,,10,195,,,lgd,Bihar > Darbhanga,20,True,2026-05-07 20:18:55.862663+05:30,2026-05-12 09:38:46.805587+05:30
284,Purbi Champaran,purbi champaran,district,274,Bihar,Purbi Champaran,,10,213,,,lgd,Bihar > Purbi Champaran,20,True,2026-05-07 20:18:55.862663+05:30,2026-05-12 09:38:46.805587+05:30
285,Gaya,gaya,district,274,Bihar,Gaya,,10,196,,,lgd,Bihar > Gaya,20,True,2026-05-07 20:18:55.862663+05:30,2026-05-12 09:38:46.805587+05:30
286,Gopalganj,gopalganj,district,274,Bihar,Gopalganj,,10,197,,,lgd,Bihar > Gopalganj,20,True,2026-05-07 20:18:55.862663+05:30,2026-05-12 09:38:46.805587+05:30
287,Jamui,jamui,district,274,Bihar,Jamui,,10,198,,,lgd,Bihar > Jamui,20,True,2026-05-07 20:18:55.862663+05:30,2026-05-12 09:38:46.805587+05:30
288,Jehanabad,jehanabad,district,274,Bihar,Jehanabad,,10,199,,,lgd,Bihar > Jehanabad,20,True,2026-05-07 20:18:55.862663+05:30,2026-05-12 09:38:46.805587+05:30
289,Kaimur (Bhabua),kaimur bhabua,district,274,Bihar,Kaimur (Bhabua),,10,200,,,lgd,Bihar > Kaimur (Bhabua),20,True,2026-05-07 20:18:55.862663+05:30,2026-05-12 09:38:46.805587+05:30
290,Katihar,katihar,district,274,Bihar,Katihar,,10,201,,,lgd,Bihar > Katihar,20,True,2026-05-07 20:18:55.862663+05:30,2026-05-12 09:38:46.805587+05:30
291,Khagaria,khagaria,district,274,Bihar,Khagaria,,10,202,,,lgd,Bihar > Khagaria,20,True,2026-05-07 20:18:55.862663+05:30,2026-05-12 09:38:46.805587+05:30
292,Kishanganj,kishanganj,district,274,Bihar,Kishanganj,,10,203,,,lgd,Bihar > Kishanganj,20,True,2026-05-07 20:18:55.862663+05:30,2026-05-12 09:38:46.805587+05:30
293,Lakhisarai,lakhisarai,district,274,Bihar,Lakhisarai,,10,204,,,lgd,Bihar > Lakhisarai,20,True,2026-05-07 20:18:55.862663+05:30,2026-05-12 09:38:46.805587+05:30
294,Madhepura,madhepura,district,274,Bihar,Madhepura,,10,205,,,lgd,Bihar > Madhepura,20,True,2026-05-07 20:18:55.862663+05:30,2026-05-12 09:38:46.805587+05:30
295,Madhubani,madhubani,district,274,Bihar,Madhubani,,10,206,,,lgd,Bihar > Madhubani,20,True,2026-05-07 20:18:55.862663+05:30,2026-05-12 09:38:46.805587+05:30
296,Munger,munger,district,274,Bihar,Munger,,10,207,,,lgd,Bihar > Munger,20,True,2026-05-07 20:18:55.862663+05:30,2026-05-12 09:38:46.805587+05:30
297,Muzaffarpur,muzaffarpur,district,274,Bihar,Muzaffarpur,,10,208,,,lgd,Bihar > Muzaffarpur,20,True,2026-05-07 20:18:55.862663+05:30,2026-05-12 09:38:46.805587+05:30
298,Nalanda,nalanda,district,274,Bihar,Nalanda,,10,209,,,lgd,Bihar > Nalanda,20,True,2026-05-07 20:18:55.862663+05:30,2026-05-12 09:38:46.805587+05:30
299,Nawada,nawada,district,274,Bihar,Nawada,,10,210,,,lgd,Bihar > Nawada,20,True,2026-05-07 20:18:55.862663+05:30,2026-05-12 09:38:46.805587+05:30
300,Patna,patna,district,274,Bihar,Patna,,10,212,,,lgd,Bihar > Patna,20,True,2026-05-07 20:18:55.862663+05:30,2026-05-12 09:38:46.805587+05:30
301,Purnia,purnia,district,274,Bihar,Purnia,,10,214,,,lgd,Bihar > Purnia,20,True,2026-05-07 20:18:55.862663+05:30,2026-05-12 09:38:46.805587+05:30
302,Rohtas,rohtas,district,274,Bihar,Rohtas,,10,215,,,lgd,Bihar > Rohtas,20,True,2026-05-07 20:18:55.862663+05:30,2026-05-12 09:38:46.805587+05:30
303,Saharsa,saharsa,district,274,Bihar,Saharsa,,10,216,,,lgd,Bihar > Saharsa,20,True,2026-05-07 20:18:55.862663+05:30,2026-05-12 09:38:46.805587+05:30
304,Samastipur,samastipur,district,274,Bihar,Samastipur,,10,217,,,lgd,Bihar > Samastipur,20,True,2026-05-07 20:18:55.862663+05:30,2026-05-12 09:38:46.805587+05:30
305,Saran,saran,district,274,Bihar,Saran,,10,218,,,lgd,Bihar > Saran,20,True,2026-05-07 20:18:55.862663+05:30,2026-05-12 09:38:46.805587+05:30
306,Sheikhpura,sheikhpura,district,274,Bihar,Sheikhpura,,10,219,,,lgd,Bihar > Sheikhpura,20,True,2026-05-07 20:18:55.862663+05:30,2026-05-12 09:38:46.805587+05:30
307,Sheohar,sheohar,district,274,Bihar,Sheohar,,10,220,,,lgd,Bihar > Sheohar,20,True,2026-05-07 20:18:55.862663+05:30,2026-05-12 09:38:46.805587+05:30
308,Sitamarhi,sitamarhi,district,274,Bihar,Sitamarhi,,10,221,,,lgd,Bihar > Sitamarhi,20,True,2026-05-07 20:18:55.862663+05:30,2026-05-12 09:38:46.805587+05:30
309,Siwan,siwan,district,274,Bihar,Siwan,,10,222,,,lgd,Bihar > Siwan,20,True,2026-05-07 20:18:55.862663+05:30,2026-05-12 09:38:46.805587+05:30
310,Supaul,supaul,district,274,Bihar,Supaul,,10,223,,,lgd,Bihar > Supaul,20,True,2026-05-07 20:18:55.862663+05:30,2026-05-12 09:38:46.805587+05:30
311,Vaishali,vaishali,district,274,Bihar,Vaishali,,10,224,,,lgd,Bihar > Vaishali,20,True,2026-05-07 20:18:55.862663+05:30,2026-05-12 09:38:46.805587+05:30
312,Pashchim Champaran,pashchim champaran,district,274,Bihar,Pashchim Champaran,,10,211,,,lgd,Bihar > Pashchim Champaran,20,True,2026-05-07 20:18:55.862663+05:30,2026-05-12 09:38:46.805587+05:30
314,Balod,balod,district,313,Chhattisgarh,Balod,,22,646,,,lgd,Chhattisgarh > Balod,20,True,2026-05-07 20:18:55.862663+05:30,2026-05-12 09:38:46.805587+05:30
315,Balodabazar-Bhatapara,balodabazar bhatapara,district,313,Chhattisgarh,Balodabazar-Bhatapara,,22,644,,,lgd,Chhattisgarh > Balodabazar-Bhatapara,20,True,2026-05-07 20:18:55.862663+05:30,2026-05-12 09:38:46.805587+05:30
316,Balrampur-Ramanujganj,balrampur ramanujganj,district,313,Chhattisgarh,Balrampur-Ramanujganj,,22,649,,,lgd,Chhattisgarh > Balrampur-Ramanujganj,20,True,2026-05-07 20:18:55.862663+05:30,2026-05-12 09:38:46.805587+05:30
317,Bastar,bastar,district,313,Chhattisgarh,Bastar,,22,374,,,lgd,Chhattisgarh > Bastar,20,True,2026-05-07 20:18:55.862663+05:30,2026-05-12 09:38:46.805587+05:30
318,Bemetara,bemetara,district,313,Chhattisgarh,Bemetara,,22,650,,,lgd,Chhattisgarh > Bemetara,20,True,2026-05-07 20:18:55.862663+05:30,2026-05-12 09:38:46.805587+05:30
319,Bijapur,bijapur,district,313,Chhattisgarh,Bijapur,,22,636,,,lgd,Chhattisgarh > Bijapur,20,True,2026-05-07 20:18:55.862663+05:30,2026-05-12 09:38:46.805587+05:30
320,Bilaspur,bilaspur,district,313,Chhattisgarh,Bilaspur,,22,375,,,lgd,Chhattisgarh > Bilaspur,20,True,2026-05-07 20:18:55.862663+05:30,2026-05-12 09:38:46.805587+05:30
321,Dakshin Bastar Dantewada,dakshin bastar dantewada,district,313,Chhattisgarh,Dakshin Bastar Dantewada,,22,376,,,lgd,Chhattisgarh > Dakshin Bastar Dantewada,20,True,2026-05-07 20:18:55.862663+05:30,2026-05-12 09:38:46.805587+05:30
322,Dhamtari,dhamtari,district,313,Chhattisgarh,Dhamtari,,22,377,,,lgd,Chhattisgarh > Dhamtari,20,True,2026-05-07 20:18:55.862663+05:30,2026-05-12 09:38:46.805587+05:30
323,Durg,durg,district,313,Chhattisgarh,Durg,,22,378,,,lgd,Chhattisgarh > Durg,20,True,2026-05-07 20:18:55.862663+05:30,2026-05-12 09:38:46.805587+05:30
324,Gariyaband,gariyaband,district,313,Chhattisgarh,Gariyaband,,22,645,,,lgd,Chhattisgarh > Gariyaband,20,True,2026-05-07 20:18:55.862663+05:30,2026-05-12 09:38:46.805587+05:30
325,Gaurela-Pendra-Marwahi,gaurela pendra marwahi,district,313,Chhattisgarh,Gaurela-Pendra-Marwahi,,22,734,,,lgd,Chhattisgarh > Gaurela-Pendra-Marwahi,20,True,2026-05-07 20:18:55.862663+05:30,2026-05-12 09:38:46.805587+05:30
326,Janjgir-Champa,janjgir champa,district,313,Chhattisgarh,Janjgir-Champa,,22,379,,,lgd,Chhattisgarh > Janjgir-Champa,20,True,2026-05-07 20:18:55.862663+05:30,2026-05-12 09:38:46.805587+05:30
327,Jashpur,jashpur,district,313,Chhattisgarh,Jashpur,,22,380,,,lgd,Chhattisgarh > Jashpur,20,True,2026-05-07 20:18:55.862663+05:30,2026-05-12 09:38:46.805587+05:30
328,Kabeerdham,kabeerdham,district,313,Chhattisgarh,Kabeerdham,,22,382,,,lgd,Chhattisgarh > Kabeerdham,20,True,2026-05-07 20:18:55.862663+05:30,2026-05-12 09:38:46.805587+05:30
329,Uttar Bastar Kanker,uttar bastar kanker,district,313,Chhattisgarh,Uttar Bastar Kanker,,22,381,,,lgd,Chhattisgarh > Uttar Bastar Kanker,20,True,2026-05-07 20:18:55.862663+05:30,2026-05-12 09:38:46.805587+05:30
330,Kondagaon,kondagaon,district,313,Chhattisgarh,Kondagaon,,22,643,,,lgd,Chhattisgarh > Kondagaon,20,True,2026-05-07 20:18:55.862663+05:30,2026-05-12 09:38:46.805587+05:30
331,Korba,korba,district,313,Chhattisgarh,Korba,,22,383,,,lgd,Chhattisgarh > Korba,20,True,2026-05-07 20:18:55.862663+05:30,2026-05-12 09:38:46.805587+05:30
332,Korea,korea,district,313,Chhattisgarh,Korea,,22,384,,,lgd,Chhattisgarh > Korea,20,True,2026-05-07 20:18:55.862663+05:30,2026-05-12 09:38:46.805587+05:30
333,Mahasamund,mahasamund,district,313,Chhattisgarh,Mahasamund,,22,385,,,lgd,Chhattisgarh > Mahasamund,20,True,2026-05-07 20:18:55.862663+05:30,2026-05-12 09:38:46.805587+05:30
334,Manendragarh-Chirmiri-Bharatpur(M C B),manendragarh chirmiri bharatpur m c b,district,313,Chhattisgarh,Manendragarh-Chirmiri-Bharatpur(M C B),,22,760,,,lgd,Chhattisgarh > Manendragarh-Chirmiri-Bharatpur(M C B),20,True,2026-05-07 20:18:55.862663+05:30,2026-05-12 09:38:46.805587+05:30
335,Mohla-Manpur-Ambagarh Chouki,mohla manpur ambagarh chouki,district,313,Chhattisgarh,Mohla-Manpur-Ambagarh Chouki,,22,761,,,lgd,Chhattisgarh > Mohla-Manpur-Ambagarh Chouki,20,True,2026-05-07 20:18:55.862663+05:30,2026-05-12 09:38:46.805587+05:30
336,Mungeli,mungeli,district,313,Chhattisgarh,Mungeli,,22,647,,,lgd,Chhattisgarh > Mungeli,20,True,2026-05-07 20:18:55.862663+05:30,2026-05-12 09:38:46.805587+05:30
337,Narayanpur,narayanpur,district,313,Chhattisgarh,Narayanpur,,22,637,,,lgd,Chhattisgarh > Narayanpur,20,True,2026-05-07 20:18:55.862663+05:30,2026-05-12 09:38:46.805587+05:30
338,Raigarh,raigarh,district,313,Chhattisgarh,Raigarh,,22,386,,,lgd,Chhattisgarh > Raigarh,20,True,2026-05-07 20:18:55.862663+05:30,2026-05-12 09:38:46.805587+05:30
339,Raipur,raipur,district,313,Chhattisgarh,Raipur,,22,387,,,lgd,Chhattisgarh > Raipur,20,True,2026-05-07 20:18:55.862663+05:30,2026-05-12 09:38:46.805587+05:30
340,Rajnandgaon,rajnandgaon,district,313,Chhattisgarh,Rajnandgaon,,22,388,,,lgd,Chhattisgarh > Rajnandgaon,20,True,2026-05-07 20:18:55.862663+05:30,2026-05-12 09:38:46.805587+05:30
341,Khairagarh-Chhuikhadan-Gandai,khairagarh chhuikhadan gandai,district,313,Chhattisgarh,Khairagarh-Chhuikhadan-Gandai,,22,759,,,lgd,Chhattisgarh > Khairagarh-Chhuikhadan-Gandai,20,True,2026-05-07 20:18:55.862663+05:30,2026-05-12 09:38:46.805587+05:30
342,Sakti,sakti,district,313,Chhattisgarh,Sakti,,22,762,,,lgd,Chhattisgarh > Sakti,20,True,2026-05-07 20:18:55.862663+05:30,2026-05-12 09:38:46.805587+05:30
343,Sarangarh-Bilaigarh,sarangarh bilaigarh,district,313,Chhattisgarh,Sarangarh-Bilaigarh,,22,763,,,lgd,Chhattisgarh > Sarangarh-Bilaigarh,20,True,2026-05-07 20:18:55.862663+05:30,2026-05-12 09:38:46.805587+05:30
344,Sukma,sukma,district,313,Chhattisgarh,Sukma,,22,642,,,lgd,Chhattisgarh > Sukma,20,True,2026-05-07 20:18:55.862663+05:30,2026-05-12 09:38:46.805587+05:30
345,Surajpur,surajpur,district,313,Chhattisgarh,Surajpur,,22,648,,,lgd,Chhattisgarh > Surajpur,20,True,2026-05-07 20:18:55.862663+05:30,2026-05-12 09:38:46.805587+05:30
346,Surguja,surguja,district,313,Chhattisgarh,Surguja,,22,389,,,lgd,Chhattisgarh > Surguja,20,True,2026-05-07 20:18:55.862663+05:30,2026-05-12 09:38:46.805587+05:30
348,North Goa,north goa,district,347,Goa,North Goa,,30,551,,,lgd,Goa > North Goa,20,True,2026-05-07 20:18:55.862663+05:30,2026-05-12 09:38:46.805587+05:30
349,South Goa,south goa,district,347,Goa,South Goa,,30,552,,,lgd,Goa > South Goa,20,True,2026-05-07 20:18:55.862663+05:30,2026-05-12 09:38:46.805587+05:30
351,Ahmedabad,ahmedabad,district,350,Gujarat,Ahmedabad,,24,438,,,lgd,Gujarat > Ahmedabad,20,True,2026-05-07 20:18:55.862663+05:30,2026-05-12 09:38:46.805587+05:30
352,Amreli,amreli,district,350,Gujarat,Amreli,,24,439,,,lgd,Gujarat > Amreli,20,True,2026-05-07 20:18:55.862663+05:30,2026-05-12 09:38:46.805587+05:30
353,Anand,anand,district,350,Gujarat,Anand,,24,440,,,lgd,Gujarat > Anand,20,True,2026-05-07 20:18:55.862663+05:30,2026-05-12 09:38:46.805587+05:30
354,Arvalli,arvalli,district,350,Gujarat,Arvalli,,24,672,,,lgd,Gujarat > Arvalli,20,True,2026-05-07 20:18:55.862663+05:30,2026-05-12 09:38:46.805587+05:30
355,Banas Kantha,banas kantha,district,350,Gujarat,Banas Kantha,,24,441,,,lgd,Gujarat > Banas Kantha,20,True,2026-05-07 20:18:55.862663+05:30,2026-05-12 09:38:46.805587+05:30
356,Bharuch,bharuch,district,350,Gujarat,Bharuch,,24,442,,,lgd,Gujarat > Bharuch,20,True,2026-05-07 20:18:55.862663+05:30,2026-05-12 09:38:46.805587+05:30
357,Bhavnagar,bhavnagar,district,350,Gujarat,Bhavnagar,,24,443,,,lgd,Gujarat > Bhavnagar,20,True,2026-05-07 20:18:55.862663+05:30,2026-05-12 09:38:46.805587+05:30
358,Botad,botad,district,350,Gujarat,Botad,,24,676,,,lgd,Gujarat > Botad,20,True,2026-05-07 20:18:55.862663+05:30,2026-05-12 09:38:46.805587+05:30
359,Chhotaudepur,chhotaudepur,district,350,Gujarat,Chhotaudepur,,24,668,,,lgd,Gujarat > Chhotaudepur,20,True,2026-05-07 20:18:55.862663+05:30,2026-05-12 09:38:46.805587+05:30
360,Dahod,dahod,district,350,Gujarat,Dahod,,24,445,,,lgd,Gujarat > Dahod,20,True,2026-05-07 20:18:55.862663+05:30,2026-05-12 09:38:46.805587+05:30
361,Dangs,dangs,district,350,Gujarat,Dangs,,24,444,,,lgd,Gujarat > Dangs,20,True,2026-05-07 20:18:55.862663+05:30,2026-05-12 09:38:46.805587+05:30
362,Devbhumi Dwarka,devbhumi dwarka,district,350,Gujarat,Devbhumi Dwarka,,24,674,,,lgd,Gujarat > Devbhumi Dwarka,20,True,2026-05-07 20:18:55.862663+05:30,2026-05-12 09:38:46.805587+05:30
363,Gandhinagar,gandhinagar,district,350,Gujarat,Gandhinagar,,24,446,,,lgd,Gujarat > Gandhinagar,20,True,2026-05-07 20:18:55.862663+05:30,2026-05-12 09:38:46.805587+05:30
364,Gir Somnath,gir somnath,district,350,Gujarat,Gir Somnath,,24,675,,,lgd,Gujarat > Gir Somnath,20,True,2026-05-07 20:18:55.862663+05:30,2026-05-12 09:38:46.805587+05:30
365,Jamnagar,jamnagar,district,350,Gujarat,Jamnagar,,24,447,,,lgd,Gujarat > Jamnagar,20,True,2026-05-07 20:18:55.862663+05:30,2026-05-12 09:38:46.805587+05:30
366,Junagadh,junagadh,district,350,Gujarat,Junagadh,,24,448,,,lgd,Gujarat > Junagadh,20,True,2026-05-07 20:18:55.862663+05:30,2026-05-12 09:38:46.805587+05:30
367,Kheda,kheda,district,350,Gujarat,Kheda,,24,450,,,lgd,Gujarat > Kheda,20,True,2026-05-07 20:18:55.862663+05:30,2026-05-12 09:38:46.805587+05:30
368,Kachchh,kachchh,district,350,Gujarat,Kachchh,,24,449,,,lgd,Gujarat > Kachchh,20,True,2026-05-07 20:18:55.862663+05:30,2026-05-12 09:38:46.805587+05:30
369,Mahisagar,mahisagar,district,350,Gujarat,Mahisagar,,24,669,,,lgd,Gujarat > Mahisagar,20,True,2026-05-07 20:18:55.862663+05:30,2026-05-12 09:38:46.805587+05:30
370,Mahesana,mahesana,district,350,Gujarat,Mahesana,,24,451,,,lgd,Gujarat > Mahesana,20,True,2026-05-07 20:18:55.862663+05:30,2026-05-12 09:38:46.805587+05:30
371,Morbi,morbi,district,350,Gujarat,Morbi,,24,673,,,lgd,Gujarat > Morbi,20,True,2026-05-07 20:18:55.862663+05:30,2026-05-12 09:38:46.805587+05:30
372,Narmada,narmada,district,350,Gujarat,Narmada,,24,452,,,lgd,Gujarat > Narmada,20,True,2026-05-07 20:18:55.862663+05:30,2026-05-12 09:38:46.805587+05:30
373,Navsari,navsari,district,350,Gujarat,Navsari,,24,453,,,lgd,Gujarat > Navsari,20,True,2026-05-07 20:18:55.862663+05:30,2026-05-12 09:38:46.805587+05:30
374,Panch Mahals,panch mahals,district,350,Gujarat,Panch Mahals,,24,454,,,lgd,Gujarat > Panch Mahals,20,True,2026-05-07 20:18:55.862663+05:30,2026-05-12 09:38:46.805587+05:30
375,Patan,patan,district,350,Gujarat,Patan,,24,455,,,lgd,Gujarat > Patan,20,True,2026-05-07 20:18:55.862663+05:30,2026-05-12 09:38:46.805587+05:30
376,Porbandar,porbandar,district,350,Gujarat,Porbandar,,24,456,,,lgd,Gujarat > Porbandar,20,True,2026-05-07 20:18:55.862663+05:30,2026-05-12 09:38:46.805587+05:30
377,Rajkot,rajkot,district,350,Gujarat,Rajkot,,24,457,,,lgd,Gujarat > Rajkot,20,True,2026-05-07 20:18:55.862663+05:30,2026-05-12 09:38:46.805587+05:30
378,Sabar Kantha,sabar kantha,district,350,Gujarat,Sabar Kantha,,24,458,,,lgd,Gujarat > Sabar Kantha,20,True,2026-05-07 20:18:55.862663+05:30,2026-05-12 09:38:46.805587+05:30
379,Surat,surat,district,350,Gujarat,Surat,,24,459,,,lgd,Gujarat > Surat,20,True,2026-05-07 20:18:55.862663+05:30,2026-05-12 09:38:46.805587+05:30
380,Surendranagar,surendranagar,district,350,Gujarat,Surendranagar,,24,460,,,lgd,Gujarat > Surendranagar,20,True,2026-05-07 20:18:55.862663+05:30,2026-05-12 09:38:46.805587+05:30
381,Tapi,tapi,district,350,Gujarat,Tapi,,24,641,,,lgd,Gujarat > Tapi,20,True,2026-05-07 20:18:55.862663+05:30,2026-05-12 09:38:46.805587+05:30
382,Vadodara,vadodara,district,350,Gujarat,Vadodara,,24,461,,,lgd,Gujarat > Vadodara,20,True,2026-05-07 20:18:55.862663+05:30,2026-05-12 09:38:46.805587+05:30
383,Valsad,valsad,district,350,Gujarat,Valsad,,24,462,,,lgd,Gujarat > Valsad,20,True,2026-05-07 20:18:55.862663+05:30,2026-05-12 09:38:46.805587+05:30
385,Ambala,ambala,district,384,Haryana,Ambala,,6,58,,,lgd,Haryana > Ambala,20,True,2026-05-07 20:18:55.862663+05:30,2026-05-12 09:38:46.805587+05:30
386,Bhiwani,bhiwani,district,384,Haryana,Bhiwani,,6,59,,,lgd,Haryana > Bhiwani,20,True,2026-05-07 20:18:55.862663+05:30,2026-05-12 09:38:46.805587+05:30
387,Charki Dadri,charki dadri,district,384,Haryana,Charki Dadri,,6,701,,,lgd,Haryana > Charki Dadri,20,True,2026-05-07 20:18:55.862663+05:30,2026-05-12 09:38:46.805587+05:30
388,Faridabad,faridabad,district,384,Haryana,Faridabad,,6,60,,,lgd,Haryana > Faridabad,20,True,2026-05-07 20:18:55.862663+05:30,2026-05-12 09:38:46.805587+05:30
389,Fatehabad,fatehabad,district,384,Haryana,Fatehabad,,6,61,,,lgd,Haryana > Fatehabad,20,True,2026-05-07 20:18:55.862663+05:30,2026-05-12 09:38:46.805587+05:30
390,Gurugram,gurugram,district,384,Haryana,Gurugram,,6,62,,,lgd,Haryana > Gurugram,20,True,2026-05-07 20:18:55.862663+05:30,2026-05-12 09:38:46.805587+05:30
391,Hisar,hisar,district,384,Haryana,Hisar,,6,63,,,lgd,Haryana > Hisar,20,True,2026-05-07 20:18:55.862663+05:30,2026-05-12 09:38:46.805587+05:30
392,Jhajjar,jhajjar,district,384,Haryana,Jhajjar,,6,64,,,lgd,Haryana > Jhajjar,20,True,2026-05-07 20:18:55.862663+05:30,2026-05-12 09:38:46.805587+05:30
393,Jind,jind,district,384,Haryana,Jind,,6,65,,,lgd,Haryana > Jind,20,True,2026-05-07 20:18:55.862663+05:30,2026-05-12 09:38:46.805587+05:30
394,Kaithal,kaithal,district,384,Haryana,Kaithal,,6,66,,,lgd,Haryana > Kaithal,20,True,2026-05-07 20:18:55.862663+05:30,2026-05-12 09:38:46.805587+05:30
395,Karnal,karnal,district,384,Haryana,Karnal,,6,67,,,lgd,Haryana > Karnal,20,True,2026-05-07 20:18:55.862663+05:30,2026-05-12 09:38:46.805587+05:30
396,Kurukshetra,kurukshetra,district,384,Haryana,Kurukshetra,,6,68,,,lgd,Haryana > Kurukshetra,20,True,2026-05-07 20:18:55.862663+05:30,2026-05-12 09:38:46.805587+05:30
397,Mahendragarh,mahendragarh,district,384,Haryana,Mahendragarh,,6,69,,,lgd,Haryana > Mahendragarh,20,True,2026-05-07 20:18:55.862663+05:30,2026-05-12 09:38:46.805587+05:30
398,Nuh,nuh,district,384,Haryana,Nuh,,6,604,,,lgd,Haryana > Nuh,20,True,2026-05-07 20:18:55.862663+05:30,2026-05-12 09:38:46.805587+05:30
399,Palwal,palwal,district,384,Haryana,Palwal,,6,619,,,lgd,Haryana > Palwal,20,True,2026-05-07 20:18:55.862663+05:30,2026-05-12 09:38:46.805587+05:30
400,Panchkula,panchkula,district,384,Haryana,Panchkula,,6,70,,,lgd,Haryana > Panchkula,20,True,2026-05-07 20:18:55.862663+05:30,2026-05-12 09:38:46.805587+05:30
401,Panipat,panipat,district,384,Haryana,Panipat,,6,71,,,lgd,Haryana > Panipat,20,True,2026-05-07 20:18:55.862663+05:30,2026-05-12 09:38:46.805587+05:30
402,Rewari,rewari,district,384,Haryana,Rewari,,6,72,,,lgd,Haryana > Rewari,20,True,2026-05-07 20:18:55.862663+05:30,2026-05-12 09:38:46.805587+05:30
403,Rohtak,rohtak,district,384,Haryana,Rohtak,,6,73,,,lgd,Haryana > Rohtak,20,True,2026-05-07 20:18:55.862663+05:30,2026-05-12 09:38:46.805587+05:30
404,Sirsa,sirsa,district,384,Haryana,Sirsa,,6,74,,,lgd,Haryana > Sirsa,20,True,2026-05-07 20:18:55.862663+05:30,2026-05-12 09:38:46.805587+05:30
405,Sonipat,sonipat,district,384,Haryana,Sonipat,,6,75,,,lgd,Haryana > Sonipat,20,True,2026-05-07 20:18:55.862663+05:30,2026-05-12 09:38:46.805587+05:30
406,Yamunanagar,yamunanagar,district,384,Haryana,Yamunanagar,,6,76,,,lgd,Haryana > Yamunanagar,20,True,2026-05-07 20:18:55.862663+05:30,2026-05-12 09:38:46.805587+05:30
408,Bilaspur,bilaspur,district,407,Himachal Pradesh,Bilaspur,,2,15,,,lgd,Himachal Pradesh > Bilaspur,20,True,2026-05-07 20:18:55.862663+05:30,2026-05-12 09:38:46.805587+05:30
409,Chamba,chamba,district,407,Himachal Pradesh,Chamba,,2,16,,,lgd,Himachal Pradesh > Chamba,20,True,2026-05-07 20:18:55.862663+05:30,2026-05-12 09:38:46.805587+05:30
410,Hamirpur,hamirpur,district,407,Himachal Pradesh,Hamirpur,,2,17,,,lgd,Himachal Pradesh > Hamirpur,20,True,2026-05-07 20:18:55.862663+05:30,2026-05-12 09:38:46.805587+05:30
411,Kangra,kangra,district,407,Himachal Pradesh,Kangra,,2,18,,,lgd,Himachal Pradesh > Kangra,20,True,2026-05-07 20:18:55.862663+05:30,2026-05-12 09:38:46.805587+05:30
412,Kinnaur,kinnaur,district,407,Himachal Pradesh,Kinnaur,,2,19,,,lgd,Himachal Pradesh > Kinnaur,20,True,2026-05-07 20:18:55.862663+05:30,2026-05-12 09:38:46.805587+05:30
413,Kullu,kullu,district,407,Himachal Pradesh,Kullu,,2,20,,,lgd,Himachal Pradesh > Kullu,20,True,2026-05-07 20:18:55.862663+05:30,2026-05-12 09:38:46.805587+05:30
414,Lahaul And Spiti,lahaul and spiti,district,407,Himachal Pradesh,Lahaul And Spiti,,2,21,,,lgd,Himachal Pradesh > Lahaul And Spiti,20,True,2026-05-07 20:18:55.862663+05:30,2026-05-12 09:38:46.805587+05:30
415,Mandi,mandi,district,407,Himachal Pradesh,Mandi,,2,22,,,lgd,Himachal Pradesh > Mandi,20,True,2026-05-07 20:18:55.862663+05:30,2026-05-12 09:38:46.805587+05:30
416,Shimla,shimla,district,407,Himachal Pradesh,Shimla,,2,23,,,lgd,Himachal Pradesh > Shimla,20,True,2026-05-07 20:18:55.862663+05:30,2026-05-12 09:38:46.805587+05:30
417,Sirmaur,sirmaur,district,407,Himachal Pradesh,Sirmaur,,2,24,,,lgd,Himachal Pradesh > Sirmaur,20,True,2026-05-07 20:18:55.862663+05:30,2026-05-12 09:38:46.805587+05:30
418,Solan,solan,district,407,Himachal Pradesh,Solan,,2,25,,,lgd,Himachal Pradesh > Solan,20,True,2026-05-07 20:18:55.862663+05:30,2026-05-12 09:38:46.805587+05:30
419,Una,una,district,407,Himachal Pradesh,Una,,2,26,,,lgd,Himachal Pradesh > Una,20,True,2026-05-07 20:18:55.862663+05:30,2026-05-12 09:38:46.805587+05:30
421,Bokaro,bokaro,district,420,Jharkhand,Bokaro,,20,322,,,lgd,Jharkhand > Bokaro,20,True,2026-05-07 20:18:55.862663+05:30,2026-05-12 09:38:46.805587+05:30
422,Chatra,chatra,district,420,Jharkhand,Chatra,,20,323,,,lgd,Jharkhand > Chatra,20,True,2026-05-07 20:18:55.862663+05:30,2026-05-12 09:38:46.805587+05:30
423,Deoghar,deoghar,district,420,Jharkhand,Deoghar,,20,324,,,lgd,Jharkhand > Deoghar,20,True,2026-05-07 20:18:55.862663+05:30,2026-05-12 09:38:46.805587+05:30
424,Dhanbad,dhanbad,district,420,Jharkhand,Dhanbad,,20,325,,,lgd,Jharkhand > Dhanbad,20,True,2026-05-07 20:18:55.862663+05:30,2026-05-12 09:38:46.805587+05:30
425,Dumka,dumka,district,420,Jharkhand,Dumka,,20,326,,,lgd,Jharkhand > Dumka,20,True,2026-05-07 20:18:55.862663+05:30,2026-05-12 09:38:46.805587+05:30
426,East Singhbum,east singhbum,district,420,Jharkhand,East Singhbum,,20,327,,,lgd,Jharkhand > East Singhbum,20,True,2026-05-07 20:18:55.862663+05:30,2026-05-12 09:38:46.805587+05:30
427,Garhwa,garhwa,district,420,Jharkhand,Garhwa,,20,328,,,lgd,Jharkhand > Garhwa,20,True,2026-05-07 20:18:55.862663+05:30,2026-05-12 09:38:46.805587+05:30
428,Giridih,giridih,district,420,Jharkhand,Giridih,,20,329,,,lgd,Jharkhand > Giridih,20,True,2026-05-07 20:18:55.862663+05:30,2026-05-12 09:38:46.805587+05:30
429,Godda,godda,district,420,Jharkhand,Godda,,20,330,,,lgd,Jharkhand > Godda,20,True,2026-05-07 20:18:55.862663+05:30,2026-05-12 09:38:46.805587+05:30
430,Gumla,gumla,district,420,Jharkhand,Gumla,,20,331,,,lgd,Jharkhand > Gumla,20,True,2026-05-07 20:18:55.862663+05:30,2026-05-12 09:38:46.805587+05:30
431,Hazaribagh,hazaribagh,district,420,Jharkhand,Hazaribagh,,20,332,,,lgd,Jharkhand > Hazaribagh,20,True,2026-05-07 20:18:55.862663+05:30,2026-05-12 09:38:46.805587+05:30
432,Jamtara,jamtara,district,420,Jharkhand,Jamtara,,20,333,,,lgd,Jharkhand > Jamtara,20,True,2026-05-07 20:18:55.862663+05:30,2026-05-12 09:38:46.805587+05:30
433,Khunti,khunti,district,420,Jharkhand,Khunti,,20,606,,,lgd,Jharkhand > Khunti,20,True,2026-05-07 20:18:55.862663+05:30,2026-05-12 09:38:46.805587+05:30
434,Koderma,koderma,district,420,Jharkhand,Koderma,,20,334,,,lgd,Jharkhand > Koderma,20,True,2026-05-07 20:18:55.862663+05:30,2026-05-12 09:38:46.805587+05:30
435,Latehar,latehar,district,420,Jharkhand,Latehar,,20,335,,,lgd,Jharkhand > Latehar,20,True,2026-05-07 20:18:55.862663+05:30,2026-05-12 09:38:46.805587+05:30
436,Lohardaga,lohardaga,district,420,Jharkhand,Lohardaga,,20,336,,,lgd,Jharkhand > Lohardaga,20,True,2026-05-07 20:18:55.862663+05:30,2026-05-12 09:38:46.805587+05:30
437,Pakur,pakur,district,420,Jharkhand,Pakur,,20,337,,,lgd,Jharkhand > Pakur,20,True,2026-05-07 20:18:55.862663+05:30,2026-05-12 09:38:46.805587+05:30
438,Palamu,palamu,district,420,Jharkhand,Palamu,,20,338,,,lgd,Jharkhand > Palamu,20,True,2026-05-07 20:18:55.862663+05:30,2026-05-12 09:38:46.805587+05:30
439,Ramgarh,ramgarh,district,420,Jharkhand,Ramgarh,,20,607,,,lgd,Jharkhand > Ramgarh,20,True,2026-05-07 20:18:55.862663+05:30,2026-05-12 09:38:46.805587+05:30
440,Ranchi,ranchi,district,420,Jharkhand,Ranchi,,20,339,,,lgd,Jharkhand > Ranchi,20,True,2026-05-07 20:18:55.862663+05:30,2026-05-12 09:38:46.805587+05:30
441,Sahebganj,sahebganj,district,420,Jharkhand,Sahebganj,,20,340,,,lgd,Jharkhand > Sahebganj,20,True,2026-05-07 20:18:55.862663+05:30,2026-05-12 09:38:46.805587+05:30
442,Saraikela Kharsawan,saraikela kharsawan,district,420,Jharkhand,Saraikela Kharsawan,,20,341,,,lgd,Jharkhand > Saraikela Kharsawan,20,True,2026-05-07 20:18:55.862663+05:30,2026-05-12 09:38:46.805587+05:30
443,Simdega,simdega,district,420,Jharkhand,Simdega,,20,342,,,lgd,Jharkhand > Simdega,20,True,2026-05-07 20:18:55.862663+05:30,2026-05-12 09:38:46.805587+05:30
444,West Singhbhum,west singhbhum,district,420,Jharkhand,West Singhbhum,,20,343,,,lgd,Jharkhand > West Singhbhum,20,True,2026-05-07 20:18:55.862663+05:30,2026-05-12 09:38:46.805587+05:30
446,Bagalkote,bagalkote,district,445,Karnataka,Bagalkote,,29,524,,,lgd,Karnataka > Bagalkote,20,True,2026-05-07 20:18:55.862663+05:30,2026-05-12 09:38:46.805587+05:30
447,Ballari,ballari,district,445,Karnataka,Ballari,,29,528,,,lgd,Karnataka > Ballari,20,True,2026-05-07 20:18:55.862663+05:30,2026-05-12 09:38:46.805587+05:30
448,Belagavi,belagavi,district,445,Karnataka,Belagavi,,29,527,,,lgd,Karnataka > Belagavi,20,True,2026-05-07 20:18:55.862663+05:30,2026-05-12 09:38:46.805587+05:30
449,Bengaluru Rural,bengaluru rural,district,445,Karnataka,Bengaluru Rural,,29,526,,,lgd,Karnataka > Bengaluru Rural,20,True,2026-05-07 20:18:55.862663+05:30,2026-05-12 09:38:46.805587+05:30
450,Bengaluru Urban,bengaluru urban,district,445,Karnataka,Bengaluru Urban,,29,525,,,lgd,Karnataka > Bengaluru Urban,20,True,2026-05-07 20:18:55.862663+05:30,2026-05-12 09:38:46.805587+05:30
451,Bidar,bidar,district,445,Karnataka,Bidar,,29,529,,,lgd,Karnataka > Bidar,20,True,2026-05-07 20:18:55.862663+05:30,2026-05-12 09:38:46.805587+05:30
452,Chamarajanagara,chamarajanagara,district,445,Karnataka,Chamarajanagara,,29,531,,,lgd,Karnataka > Chamarajanagara,20,True,2026-05-07 20:18:55.862663+05:30,2026-05-12 09:38:46.805587+05:30
453,Chikkaballapura,chikkaballapura,district,445,Karnataka,Chikkaballapura,,29,630,,,lgd,Karnataka > Chikkaballapura,20,True,2026-05-07 20:18:55.862663+05:30,2026-05-12 09:38:46.805587+05:30
454,Chikkamagaluru,chikkamagaluru,district,445,Karnataka,Chikkamagaluru,,29,532,,,lgd,Karnataka > Chikkamagaluru,20,True,2026-05-07 20:18:55.862663+05:30,2026-05-12 09:38:46.805587+05:30
455,Chitradurga,chitradurga,district,445,Karnataka,Chitradurga,,29,533,,,lgd,Karnataka > Chitradurga,20,True,2026-05-07 20:18:55.862663+05:30,2026-05-12 09:38:46.805587+05:30
456,Dakshina Kannada,dakshina kannada,district,445,Karnataka,Dakshina Kannada,,29,534,,,lgd,Karnataka > Dakshina Kannada,20,True,2026-05-07 20:18:55.862663+05:30,2026-05-12 09:38:46.805587+05:30
457,Davangere,davangere,district,445,Karnataka,Davangere,,29,535,,,lgd,Karnataka > Davangere,20,True,2026-05-07 20:18:55.862663+05:30,2026-05-12 09:38:46.805587+05:30
458,Dharwad,dharwad,district,445,Karnataka,Dharwad,,29,536,,,lgd,Karnataka > Dharwad,20,True,2026-05-07 20:18:55.862663+05:30,2026-05-12 09:38:46.805587+05:30
459,Gadag,gadag,district,445,Karnataka,Gadag,,29,537,,,lgd,Karnataka > Gadag,20,True,2026-05-07 20:18:55.862663+05:30,2026-05-12 09:38:46.805587+05:30
460,Hassan,hassan,district,445,Karnataka,Hassan,,29,539,,,lgd,Karnataka > Hassan,20,True,2026-05-07 20:18:55.862663+05:30,2026-05-12 09:38:46.805587+05:30
461,Haveri,haveri,district,445,Karnataka,Haveri,,29,540,,,lgd,Karnataka > Haveri,20,True,2026-05-07 20:18:55.862663+05:30,2026-05-12 09:38:46.805587+05:30
462,Kalaburagi,kalaburagi,district,445,Karnataka,Kalaburagi,,29,538,,,lgd,Karnataka > Kalaburagi,20,True,2026-05-07 20:18:55.862663+05:30,2026-05-12 09:38:46.805587+05:30
463,Kodagu,kodagu,district,445,Karnataka,Kodagu,,29,541,,,lgd,Karnataka > Kodagu,20,True,2026-05-07 20:18:55.862663+05:30,2026-05-12 09:38:46.805587+05:30
464,Kolar,kolar,district,445,Karnataka,Kolar,,29,542,,,lgd,Karnataka > Kolar,20,True,2026-05-07 20:18:55.862663+05:30,2026-05-12 09:38:46.805587+05:30
465,Koppal,koppal,district,445,Karnataka,Koppal,,29,543,,,lgd,Karnataka > Koppal,20,True,2026-05-07 20:18:55.862663+05:30,2026-05-12 09:38:46.805587+05:30
466,Mandya,mandya,district,445,Karnataka,Mandya,,29,544,,,lgd,Karnataka > Mandya,20,True,2026-05-07 20:18:55.862663+05:30,2026-05-12 09:38:46.805587+05:30
467,Mysuru,mysuru,district,445,Karnataka,Mysuru,,29,545,,,lgd,Karnataka > Mysuru,20,True,2026-05-07 20:18:55.862663+05:30,2026-05-12 09:38:46.805587+05:30
468,Raichur,raichur,district,445,Karnataka,Raichur,,29,546,,,lgd,Karnataka > Raichur,20,True,2026-05-07 20:18:55.862663+05:30,2026-05-12 09:38:46.805587+05:30
469,Ramanagara,ramanagara,district,445,Karnataka,Ramanagara,,29,631,,,lgd,Karnataka > Ramanagara,20,True,2026-05-07 20:18:55.862663+05:30,2026-05-12 09:38:46.805587+05:30
470,Shivamogga,shivamogga,district,445,Karnataka,Shivamogga,,29,547,,,lgd,Karnataka > Shivamogga,20,True,2026-05-07 20:18:55.862663+05:30,2026-05-12 09:38:46.805587+05:30
471,Tumakuru,tumakuru,district,445,Karnataka,Tumakuru,,29,548,,,lgd,Karnataka > Tumakuru,20,True,2026-05-07 20:18:55.862663+05:30,2026-05-12 09:38:46.805587+05:30
472,Udupi,udupi,district,445,Karnataka,Udupi,,29,549,,,lgd,Karnataka > Udupi,20,True,2026-05-07 20:18:55.862663+05:30,2026-05-12 09:38:46.805587+05:30
473,Uttara Kannada,uttara kannada,district,445,Karnataka,Uttara Kannada,,29,550,,,lgd,Karnataka > Uttara Kannada,20,True,2026-05-07 20:18:55.862663+05:30,2026-05-12 09:38:46.805587+05:30
474,Vijayapura,vijayapura,district,445,Karnataka,Vijayapura,,29,530,,,lgd,Karnataka > Vijayapura,20,True,2026-05-07 20:18:55.862663+05:30,2026-05-12 09:38:46.805587+05:30
475,Yadgir,yadgir,district,445,Karnataka,Yadgir,,29,635,,,lgd,Karnataka > Yadgir,20,True,2026-05-07 20:18:55.862663+05:30,2026-05-12 09:38:46.805587+05:30
476,Vijayanagar,vijayanagar,district,445,Karnataka,Vijayanagar,,29,738,,,lgd,Karnataka > Vijayanagar,20,True,2026-05-07 20:18:55.862663+05:30,2026-05-12 09:38:46.805587+05:30
478,Alappuzha,alappuzha,district,477,Kerala,Alappuzha,,32,554,,,lgd,Kerala > Alappuzha,20,True,2026-05-07 20:18:55.862663+05:30,2026-05-12 09:38:46.805587+05:30
479,Ernakulam,ernakulam,district,477,Kerala,Ernakulam,,32,555,,,lgd,Kerala > Ernakulam,20,True,2026-05-07 20:18:55.862663+05:30,2026-05-12 09:38:46.805587+05:30
480,Idukki,idukki,district,477,Kerala,Idukki,,32,556,,,lgd,Kerala > Idukki,20,True,2026-05-07 20:18:55.862663+05:30,2026-05-12 09:38:46.805587+05:30
481,Kannur,kannur,district,477,Kerala,Kannur,,32,557,,,lgd,Kerala > Kannur,20,True,2026-05-07 20:18:55.862663+05:30,2026-05-12 09:38:46.805587+05:30
482,Kasaragod,kasaragod,district,477,Kerala,Kasaragod,,32,558,,,lgd,Kerala > Kasaragod,20,True,2026-05-07 20:18:55.862663+05:30,2026-05-12 09:38:46.805587+05:30
483,Kollam,kollam,district,477,Kerala,Kollam,,32,559,,,lgd,Kerala > Kollam,20,True,2026-05-07 20:18:55.862663+05:30,2026-05-12 09:38:46.805587+05:30
484,Kottayam,kottayam,district,477,Kerala,Kottayam,,32,560,,,lgd,Kerala > Kottayam,20,True,2026-05-07 20:18:55.862663+05:30,2026-05-12 09:38:46.805587+05:30
485,Kozhikode,kozhikode,district,477,Kerala,Kozhikode,,32,561,,,lgd,Kerala > Kozhikode,20,True,2026-05-07 20:18:55.862663+05:30,2026-05-12 09:38:46.805587+05:30
486,Malappuram,malappuram,district,477,Kerala,Malappuram,,32,562,,,lgd,Kerala > Malappuram,20,True,2026-05-07 20:18:55.862663+05:30,2026-05-12 09:38:46.805587+05:30
487,Palakkad,palakkad,district,477,Kerala,Palakkad,,32,563,,,lgd,Kerala > Palakkad,20,True,2026-05-07 20:18:55.862663+05:30,2026-05-12 09:38:46.805587+05:30
488,Pathanamthitta,pathanamthitta,district,477,Kerala,Pathanamthitta,,32,564,,,lgd,Kerala > Pathanamthitta,20,True,2026-05-07 20:18:55.862663+05:30,2026-05-12 09:38:46.805587+05:30
489,Thiruvananthapuram,thiruvananthapuram,district,477,Kerala,Thiruvananthapuram,,32,565,,,lgd,Kerala > Thiruvananthapuram,20,True,2026-05-07 20:18:55.862663+05:30,2026-05-12 09:38:46.805587+05:30
490,Thrissur,thrissur,district,477,Kerala,Thrissur,,32,566,,,lgd,Kerala > Thrissur,20,True,2026-05-07 20:18:55.862663+05:30,2026-05-12 09:38:46.805587+05:30
491,Wayanad,wayanad,district,477,Kerala,Wayanad,,32,567,,,lgd,Kerala > Wayanad,20,True,2026-05-07 20:18:55.862663+05:30,2026-05-12 09:38:46.805587+05:30
493,Bishnupur,bishnupur,district,492,Manipur,Bishnupur,,14,252,,,lgd,Manipur > Bishnupur,20,True,2026-05-07 20:18:55.862663+05:30,2026-05-12 09:38:46.805587+05:30
494,Chandel,chandel,district,492,Manipur,Chandel,,14,253,,,lgd,Manipur > Chandel,20,True,2026-05-07 20:18:55.862663+05:30,2026-05-12 09:38:46.805587+05:30
495,Churachandpur,churachandpur,district,492,Manipur,Churachandpur,,14,254,,,lgd,Manipur > Churachandpur,20,True,2026-05-07 20:18:55.862663+05:30,2026-05-12 09:38:46.805587+05:30
496,Imphal East,imphal east,district,492,Manipur,Imphal East,,14,255,,,lgd,Manipur > Imphal East,20,True,2026-05-07 20:18:55.862663+05:30,2026-05-12 09:38:46.805587+05:30
497,Imphal West,imphal west,district,492,Manipur,Imphal West,,14,256,,,lgd,Manipur > Imphal West,20,True,2026-05-07 20:18:55.862663+05:30,2026-05-12 09:38:46.805587+05:30
498,Jiribam,jiribam,district,492,Manipur,Jiribam,,14,713,,,lgd,Manipur > Jiribam,20,True,2026-05-07 20:18:55.862663+05:30,2026-05-12 09:38:46.805587+05:30
499,Kakching,kakching,district,492,Manipur,Kakching,,14,711,,,lgd,Manipur > Kakching,20,True,2026-05-07 20:18:55.862663+05:30,2026-05-12 09:38:46.805587+05:30
500,Kamjong,kamjong,district,492,Manipur,Kamjong,,14,717,,,lgd,Manipur > Kamjong,20,True,2026-05-07 20:18:55.862663+05:30,2026-05-12 09:38:46.805587+05:30
501,Kangpokpi,kangpokpi,district,492,Manipur,Kangpokpi,,14,712,,,lgd,Manipur > Kangpokpi,20,True,2026-05-07 20:18:55.862663+05:30,2026-05-12 09:38:46.805587+05:30
502,Noney,noney,district,492,Manipur,Noney,,14,714,,,lgd,Manipur > Noney,20,True,2026-05-07 20:18:55.862663+05:30,2026-05-12 09:38:46.805587+05:30
503,Pherzawl,pherzawl,district,492,Manipur,Pherzawl,,14,715,,,lgd,Manipur > Pherzawl,20,True,2026-05-07 20:18:55.862663+05:30,2026-05-12 09:38:46.805587+05:30
504,Senapati,senapati,district,492,Manipur,Senapati,,14,257,,,lgd,Manipur > Senapati,20,True,2026-05-07 20:18:55.862663+05:30,2026-05-12 09:38:46.805587+05:30
505,Tamenglong,tamenglong,district,492,Manipur,Tamenglong,,14,258,,,lgd,Manipur > Tamenglong,20,True,2026-05-07 20:18:55.862663+05:30,2026-05-12 09:38:46.805587+05:30
506,Tengnoupal,tengnoupal,district,492,Manipur,Tengnoupal,,14,716,,,lgd,Manipur > Tengnoupal,20,True,2026-05-07 20:18:55.862663+05:30,2026-05-12 09:38:46.805587+05:30
507,Thoubal,thoubal,district,492,Manipur,Thoubal,,14,259,,,lgd,Manipur > Thoubal,20,True,2026-05-07 20:18:55.862663+05:30,2026-05-12 09:38:46.805587+05:30
508,Ukhrul,ukhrul,district,492,Manipur,Ukhrul,,14,260,,,lgd,Manipur > Ukhrul,20,True,2026-05-07 20:18:55.862663+05:30,2026-05-12 09:38:46.805587+05:30
510,East Garo Hills,east garo hills,district,509,Meghalaya,East Garo Hills,,17,273,,,lgd,Meghalaya > East Garo Hills,20,True,2026-05-07 20:18:55.862663+05:30,2026-05-12 09:38:46.805587+05:30
511,East Jaintia Hills,east jaintia hills,district,509,Meghalaya,East Jaintia Hills,,17,657,,,lgd,Meghalaya > East Jaintia Hills,20,True,2026-05-07 20:18:55.862663+05:30,2026-05-12 09:38:46.805587+05:30
512,East Khasi Hills,east khasi hills,district,509,Meghalaya,East Khasi Hills,,17,274,,,lgd,Meghalaya > East Khasi Hills,20,True,2026-05-07 20:18:55.862663+05:30,2026-05-12 09:38:46.805587+05:30
513,North Garo Hills,north garo hills,district,509,Meghalaya,North Garo Hills,,17,656,,,lgd,Meghalaya > North Garo Hills,20,True,2026-05-07 20:18:55.862663+05:30,2026-05-12 09:38:46.805587+05:30
514,Ri Bhoi,ri bhoi,district,509,Meghalaya,Ri Bhoi,,17,276,,,lgd,Meghalaya > Ri Bhoi,20,True,2026-05-07 20:18:55.862663+05:30,2026-05-12 09:38:46.805587+05:30
515,South Garo Hills,south garo hills,district,509,Meghalaya,South Garo Hills,,17,277,,,lgd,Meghalaya > South Garo Hills,20,True,2026-05-07 20:18:55.862663+05:30,2026-05-12 09:38:46.805587+05:30
516,South West Garo Hills,south west garo hills,district,509,Meghalaya,South West Garo Hills,,17,663,,,lgd,Meghalaya > South West Garo Hills,20,True,2026-05-07 20:18:55.862663+05:30,2026-05-12 09:38:46.805587+05:30
517,South West Khasi Hills,south west khasi hills,district,509,Meghalaya,South West Khasi Hills,,17,658,,,lgd,Meghalaya > South West Khasi Hills,20,True,2026-05-07 20:18:55.862663+05:30,2026-05-12 09:38:46.805587+05:30
518,West Garo Hills,west garo hills,district,509,Meghalaya,West Garo Hills,,17,278,,,lgd,Meghalaya > West Garo Hills,20,True,2026-05-07 20:18:55.862663+05:30,2026-05-12 09:38:46.805587+05:30
519,West Jaintia Hills,west jaintia hills,district,509,Meghalaya,West Jaintia Hills,,17,275,,,lgd,Meghalaya > West Jaintia Hills,20,True,2026-05-07 20:18:55.862663+05:30,2026-05-12 09:38:46.805587+05:30
520,West Khasi Hills,west khasi hills,district,509,Meghalaya,West Khasi Hills,,17,279,,,lgd,Meghalaya > West Khasi Hills,20,True,2026-05-07 20:18:55.862663+05:30,2026-05-12 09:38:46.805587+05:30
521,Eastern West Khasi Hills,eastern west khasi hills,district,509,Meghalaya,Eastern West Khasi Hills,,17,740,,,lgd,Meghalaya > Eastern West Khasi Hills,20,True,2026-05-07 20:18:55.862663+05:30,2026-05-12 09:38:46.805587+05:30
523,Aizawl,aizawl,district,522,Mizoram,Aizawl,,15,261,,,lgd,Mizoram > Aizawl,20,True,2026-05-07 20:18:55.862663+05:30,2026-05-12 09:38:46.805587+05:30
524,Champhai,champhai,district,522,Mizoram,Champhai,,15,262,,,lgd,Mizoram > Champhai,20,True,2026-05-07 20:18:55.862663+05:30,2026-05-12 09:38:46.805587+05:30
525,Hnahthial,hnahthial,district,522,Mizoram,Hnahthial,,15,726,,,lgd,Mizoram > Hnahthial,20,True,2026-05-07 20:18:55.862663+05:30,2026-05-12 09:38:46.805587+05:30
526,Khawzawl,khawzawl,district,522,Mizoram,Khawzawl,,15,728,,,lgd,Mizoram > Khawzawl,20,True,2026-05-07 20:18:55.862663+05:30,2026-05-12 09:38:46.805587+05:30
527,Kolasib,kolasib,district,522,Mizoram,Kolasib,,15,263,,,lgd,Mizoram > Kolasib,20,True,2026-05-07 20:18:55.862663+05:30,2026-05-12 09:38:46.805587+05:30
528,Lawngtlai,lawngtlai,district,522,Mizoram,Lawngtlai,,15,264,,,lgd,Mizoram > Lawngtlai,20,True,2026-05-07 20:18:55.862663+05:30,2026-05-12 09:38:46.805587+05:30
529,Lunglei,lunglei,district,522,Mizoram,Lunglei,,15,265,,,lgd,Mizoram > Lunglei,20,True,2026-05-07 20:18:55.862663+05:30,2026-05-12 09:38:46.805587+05:30
530,Mamit,mamit,district,522,Mizoram,Mamit,,15,266,,,lgd,Mizoram > Mamit,20,True,2026-05-07 20:18:55.862663+05:30,2026-05-12 09:38:46.805587+05:30
531,Siaha,siaha,district,522,Mizoram,Siaha,,15,267,,,lgd,Mizoram > Siaha,20,True,2026-05-07 20:18:55.862663+05:30,2026-05-12 09:38:46.805587+05:30
532,Saitual,saitual,district,522,Mizoram,Saitual,,15,727,,,lgd,Mizoram > Saitual,20,True,2026-05-07 20:18:55.862663+05:30,2026-05-12 09:38:46.805587+05:30
533,Serchhip,serchhip,district,522,Mizoram,Serchhip,,15,268,,,lgd,Mizoram > Serchhip,20,True,2026-05-07 20:18:55.862663+05:30,2026-05-12 09:38:46.805587+05:30
535,Chumoukedima,chumoukedima,district,534,Nagaland,Chumoukedima,,13,758,,,lgd,Nagaland > Chumoukedima,20,True,2026-05-07 20:18:55.862663+05:30,2026-05-12 09:38:46.805587+05:30
536,Dimapur,dimapur,district,534,Nagaland,Dimapur,,13,244,,,lgd,Nagaland > Dimapur,20,True,2026-05-07 20:18:55.862663+05:30,2026-05-12 09:38:46.805587+05:30
537,Kiphire,kiphire,district,534,Nagaland,Kiphire,,13,614,,,lgd,Nagaland > Kiphire,20,True,2026-05-07 20:18:55.862663+05:30,2026-05-12 09:38:46.805587+05:30
538,Kohima,kohima,district,534,Nagaland,Kohima,,13,245,,,lgd,Nagaland > Kohima,20,True,2026-05-07 20:18:55.862663+05:30,2026-05-12 09:38:46.805587+05:30
539,Longleng,longleng,district,534,Nagaland,Longleng,,13,615,,,lgd,Nagaland > Longleng,20,True,2026-05-07 20:18:55.862663+05:30,2026-05-12 09:38:46.805587+05:30
540,Mokokchung,mokokchung,district,534,Nagaland,Mokokchung,,13,246,,,lgd,Nagaland > Mokokchung,20,True,2026-05-07 20:18:55.862663+05:30,2026-05-12 09:38:46.805587+05:30
541,Mon,mon,district,534,Nagaland,Mon,,13,247,,,lgd,Nagaland > Mon,20,True,2026-05-07 20:18:55.862663+05:30,2026-05-12 09:38:46.805587+05:30
542,Niuland,niuland,district,534,Nagaland,Niuland,,13,764,,,lgd,Nagaland > Niuland,20,True,2026-05-07 20:18:55.862663+05:30,2026-05-12 09:38:46.805587+05:30
543,Noklak,noklak,district,534,Nagaland,Noklak,,13,736,,,lgd,Nagaland > Noklak,20,True,2026-05-07 20:18:55.862663+05:30,2026-05-12 09:38:46.805587+05:30
544,Peren,peren,district,534,Nagaland,Peren,,13,613,,,lgd,Nagaland > Peren,20,True,2026-05-07 20:18:55.862663+05:30,2026-05-12 09:38:46.805587+05:30
545,Phek,phek,district,534,Nagaland,Phek,,13,248,,,lgd,Nagaland > Phek,20,True,2026-05-07 20:18:55.862663+05:30,2026-05-12 09:38:46.805587+05:30
546,Shamator,shamator,district,534,Nagaland,Shamator,,13,765,,,lgd,Nagaland > Shamator,20,True,2026-05-07 20:18:55.862663+05:30,2026-05-12 09:38:46.805587+05:30
547,Tuensang,tuensang,district,534,Nagaland,Tuensang,,13,249,,,lgd,Nagaland > Tuensang,20,True,2026-05-07 20:18:55.862663+05:30,2026-05-12 09:38:46.805587+05:30
548,Tseminyu,tseminyu,district,534,Nagaland,Tseminyu,,13,757,,,lgd,Nagaland > Tseminyu,20,True,2026-05-07 20:18:55.862663+05:30,2026-05-12 09:38:46.805587+05:30
549,Wokha,wokha,district,534,Nagaland,Wokha,,13,250,,,lgd,Nagaland > Wokha,20,True,2026-05-07 20:18:55.862663+05:30,2026-05-12 09:38:46.805587+05:30
550,Zunheboto,zunheboto,district,534,Nagaland,Zunheboto,,13,251,,,lgd,Nagaland > Zunheboto,20,True,2026-05-07 20:18:55.862663+05:30,2026-05-12 09:38:46.805587+05:30
552,Anugul,anugul,district,551,Odisha,Anugul,,21,344,,,lgd,Odisha > Anugul,20,True,2026-05-07 20:18:55.862663+05:30,2026-05-12 09:38:46.805587+05:30
553,Balangir,balangir,district,551,Odisha,Balangir,,21,345,,,lgd,Odisha > Balangir,20,True,2026-05-07 20:18:55.862663+05:30,2026-05-12 09:38:46.805587+05:30
554,Baleshwar,baleshwar,district,551,Odisha,Baleshwar,,21,346,,,lgd,Odisha > Baleshwar,20,True,2026-05-07 20:18:55.862663+05:30,2026-05-12 09:38:46.805587+05:30
555,Bargarh,bargarh,district,551,Odisha,Bargarh,,21,347,,,lgd,Odisha > Bargarh,20,True,2026-05-07 20:18:55.862663+05:30,2026-05-12 09:38:46.805587+05:30
556,Bhadrak,bhadrak,district,551,Odisha,Bhadrak,,21,348,,,lgd,Odisha > Bhadrak,20,True,2026-05-07 20:18:55.862663+05:30,2026-05-12 09:38:46.805587+05:30
557,Boudh,boudh,district,551,Odisha,Boudh,,21,349,,,lgd,Odisha > Boudh,20,True,2026-05-07 20:18:55.862663+05:30,2026-05-12 09:38:46.805587+05:30
558,Cuttack,cuttack,district,551,Odisha,Cuttack,,21,350,,,lgd,Odisha > Cuttack,20,True,2026-05-07 20:18:55.862663+05:30,2026-05-12 09:38:46.805587+05:30
559,Deogarh,deogarh,district,551,Odisha,Deogarh,,21,351,,,lgd,Odisha > Deogarh,20,True,2026-05-07 20:18:55.862663+05:30,2026-05-12 09:38:46.805587+05:30
560,Dhenkanal,dhenkanal,district,551,Odisha,Dhenkanal,,21,352,,,lgd,Odisha > Dhenkanal,20,True,2026-05-07 20:18:55.862663+05:30,2026-05-12 09:38:46.805587+05:30
561,Gajapati,gajapati,district,551,Odisha,Gajapati,,21,353,,,lgd,Odisha > Gajapati,20,True,2026-05-07 20:18:55.862663+05:30,2026-05-12 09:38:46.805587+05:30
562,Ganjam,ganjam,district,551,Odisha,Ganjam,,21,354,,,lgd,Odisha > Ganjam,20,True,2026-05-07 20:18:55.862663+05:30,2026-05-12 09:38:46.805587+05:30
563,Jagatsinghapur,jagatsinghapur,district,551,Odisha,Jagatsinghapur,,21,355,,,lgd,Odisha > Jagatsinghapur,20,True,2026-05-07 20:18:55.862663+05:30,2026-05-12 09:38:46.805587+05:30
564,Jajapur,jajapur,district,551,Odisha,Jajapur,,21,356,,,lgd,Odisha > Jajapur,20,True,2026-05-07 20:18:55.862663+05:30,2026-05-12 09:38:46.805587+05:30
565,Jharsuguda,jharsuguda,district,551,Odisha,Jharsuguda,,21,357,,,lgd,Odisha > Jharsuguda,20,True,2026-05-07 20:18:55.862663+05:30,2026-05-12 09:38:46.805587+05:30
566,Kalahandi,kalahandi,district,551,Odisha,Kalahandi,,21,358,,,lgd,Odisha > Kalahandi,20,True,2026-05-07 20:18:55.862663+05:30,2026-05-12 09:38:46.805587+05:30
567,Kandhamal,kandhamal,district,551,Odisha,Kandhamal,,21,359,,,lgd,Odisha > Kandhamal,20,True,2026-05-07 20:18:55.862663+05:30,2026-05-12 09:38:46.805587+05:30
568,Kendrapara,kendrapara,district,551,Odisha,Kendrapara,,21,360,,,lgd,Odisha > Kendrapara,20,True,2026-05-07 20:18:55.862663+05:30,2026-05-12 09:38:46.805587+05:30
569,Kendujhar,kendujhar,district,551,Odisha,Kendujhar,,21,361,,,lgd,Odisha > Kendujhar,20,True,2026-05-07 20:18:55.862663+05:30,2026-05-12 09:38:46.805587+05:30
570,Khordha,khordha,district,551,Odisha,Khordha,,21,362,,,lgd,Odisha > Khordha,20,True,2026-05-07 20:18:55.862663+05:30,2026-05-12 09:38:46.805587+05:30
571,Koraput,koraput,district,551,Odisha,Koraput,,21,363,,,lgd,Odisha > Koraput,20,True,2026-05-07 20:18:55.862663+05:30,2026-05-12 09:38:46.805587+05:30
572,Malkangiri,malkangiri,district,551,Odisha,Malkangiri,,21,364,,,lgd,Odisha > Malkangiri,20,True,2026-05-07 20:18:55.862663+05:30,2026-05-12 09:38:46.805587+05:30
573,Mayurbhanj,mayurbhanj,district,551,Odisha,Mayurbhanj,,21,365,,,lgd,Odisha > Mayurbhanj,20,True,2026-05-07 20:18:55.862663+05:30,2026-05-12 09:38:46.805587+05:30
574,Nabarangpur,nabarangpur,district,551,Odisha,Nabarangpur,,21,366,,,lgd,Odisha > Nabarangpur,20,True,2026-05-07 20:18:55.862663+05:30,2026-05-12 09:38:46.805587+05:30
575,Nayagarh,nayagarh,district,551,Odisha,Nayagarh,,21,367,,,lgd,Odisha > Nayagarh,20,True,2026-05-07 20:18:55.862663+05:30,2026-05-12 09:38:46.805587+05:30
576,Nuapada,nuapada,district,551,Odisha,Nuapada,,21,368,,,lgd,Odisha > Nuapada,20,True,2026-05-07 20:18:55.862663+05:30,2026-05-12 09:38:46.805587+05:30
577,Puri,puri,district,551,Odisha,Puri,,21,369,,,lgd,Odisha > Puri,20,True,2026-05-07 20:18:55.862663+05:30,2026-05-12 09:38:46.805587+05:30
578,Rayagada,rayagada,district,551,Odisha,Rayagada,,21,370,,,lgd,Odisha > Rayagada,20,True,2026-05-07 20:18:55.862663+05:30,2026-05-12 09:38:46.805587+05:30
579,Sambalpur,sambalpur,district,551,Odisha,Sambalpur,,21,371,,,lgd,Odisha > Sambalpur,20,True,2026-05-07 20:18:55.862663+05:30,2026-05-12 09:38:46.805587+05:30
580,Sonepur,sonepur,district,551,Odisha,Sonepur,,21,372,,,lgd,Odisha > Sonepur,20,True,2026-05-07 20:18:55.862663+05:30,2026-05-12 09:38:46.805587+05:30
581,Sundargarh,sundargarh,district,551,Odisha,Sundargarh,,21,373,,,lgd,Odisha > Sundargarh,20,True,2026-05-07 20:18:55.862663+05:30,2026-05-12 09:38:46.805587+05:30
583,Amritsar,amritsar,district,582,Punjab,Amritsar,,3,27,,,lgd,Punjab > Amritsar,20,True,2026-05-07 20:18:55.862663+05:30,2026-05-12 09:38:46.805587+05:30
584,Barnala,barnala,district,582,Punjab,Barnala,,3,605,,,lgd,Punjab > Barnala,20,True,2026-05-07 20:18:55.862663+05:30,2026-05-12 09:38:46.805587+05:30
585,Bathinda,bathinda,district,582,Punjab,Bathinda,,3,28,,,lgd,Punjab > Bathinda,20,True,2026-05-07 20:18:55.862663+05:30,2026-05-12 09:38:46.805587+05:30
586,Faridkot,faridkot,district,582,Punjab,Faridkot,,3,29,,,lgd,Punjab > Faridkot,20,True,2026-05-07 20:18:55.862663+05:30,2026-05-12 09:38:46.805587+05:30
587,Fatehgarh Sahib,fatehgarh sahib,district,582,Punjab,Fatehgarh Sahib,,3,30,,,lgd,Punjab > Fatehgarh Sahib,20,True,2026-05-07 20:18:55.862663+05:30,2026-05-12 09:38:46.805587+05:30
588,Fazilka,fazilka,district,582,Punjab,Fazilka,,3,651,,,lgd,Punjab > Fazilka,20,True,2026-05-07 20:18:55.862663+05:30,2026-05-12 09:38:46.805587+05:30
589,Ferozepur,ferozepur,district,582,Punjab,Ferozepur,,3,31,,,lgd,Punjab > Ferozepur,20,True,2026-05-07 20:18:55.862663+05:30,2026-05-12 09:38:46.805587+05:30
590,Gurdaspur,gurdaspur,district,582,Punjab,Gurdaspur,,3,32,,,lgd,Punjab > Gurdaspur,20,True,2026-05-07 20:18:55.862663+05:30,2026-05-12 09:38:46.805587+05:30
591,Hoshiarpur,hoshiarpur,district,582,Punjab,Hoshiarpur,,3,33,,,lgd,Punjab > Hoshiarpur,20,True,2026-05-07 20:18:55.862663+05:30,2026-05-12 09:38:46.805587+05:30
592,Jalandhar,jalandhar,district,582,Punjab,Jalandhar,,3,34,,,lgd,Punjab > Jalandhar,20,True,2026-05-07 20:18:55.862663+05:30,2026-05-12 09:38:46.805587+05:30
593,Kapurthala,kapurthala,district,582,Punjab,Kapurthala,,3,35,,,lgd,Punjab > Kapurthala,20,True,2026-05-07 20:18:55.862663+05:30,2026-05-12 09:38:46.805587+05:30
594,Ludhiana,ludhiana,district,582,Punjab,Ludhiana,,3,36,,,lgd,Punjab > Ludhiana,20,True,2026-05-07 20:18:55.862663+05:30,2026-05-12 09:38:46.805587+05:30
595,Malerkotla,malerkotla,district,582,Punjab,Malerkotla,,3,737,,,lgd,Punjab > Malerkotla,20,True,2026-05-07 20:18:55.862663+05:30,2026-05-12 09:38:46.805587+05:30
596,Mansa,mansa,district,582,Punjab,Mansa,,3,37,,,lgd,Punjab > Mansa,20,True,2026-05-07 20:18:55.862663+05:30,2026-05-12 09:38:46.805587+05:30
597,Moga,moga,district,582,Punjab,Moga,,3,38,,,lgd,Punjab > Moga,20,True,2026-05-07 20:18:55.862663+05:30,2026-05-12 09:38:46.805587+05:30
598,Sri Muktsar Sahib,sri muktsar sahib,district,582,Punjab,Sri Muktsar Sahib,,3,39,,,lgd,Punjab > Sri Muktsar Sahib,20,True,2026-05-07 20:18:55.862663+05:30,2026-05-12 09:38:46.805587+05:30
599,Shahid Bhagat Singh Nagar,shahid bhagat singh nagar,district,582,Punjab,Shahid Bhagat Singh Nagar,,3,40,,,lgd,Punjab > Shahid Bhagat Singh Nagar,20,True,2026-05-07 20:18:55.862663+05:30,2026-05-12 09:38:46.805587+05:30
600,Pathankot,pathankot,district,582,Punjab,Pathankot,,3,662,,,lgd,Punjab > Pathankot,20,True,2026-05-07 20:18:55.862663+05:30,2026-05-12 09:38:46.805587+05:30
601,Patiala,patiala,district,582,Punjab,Patiala,,3,41,,,lgd,Punjab > Patiala,20,True,2026-05-07 20:18:55.862663+05:30,2026-05-12 09:38:46.805587+05:30
602,Rupnagar,rupnagar,district,582,Punjab,Rupnagar,,3,42,,,lgd,Punjab > Rupnagar,20,True,2026-05-07 20:18:55.862663+05:30,2026-05-12 09:38:46.805587+05:30
603,S.A.S Nagar,s a s nagar,district,582,Punjab,S.A.S Nagar,,3,608,,,lgd,Punjab > S.A.S Nagar,20,True,2026-05-07 20:18:55.862663+05:30,2026-05-12 09:38:46.805587+05:30
604,Sangrur,sangrur,district,582,Punjab,Sangrur,,3,43,,,lgd,Punjab > Sangrur,20,True,2026-05-07 20:18:55.862663+05:30,2026-05-12 09:38:46.805587+05:30
605,Tarn Taran,tarn taran,district,582,Punjab,Tarn Taran,,3,609,,,lgd,Punjab > Tarn Taran,20,True,2026-05-07 20:18:55.862663+05:30,2026-05-12 09:38:46.805587+05:30
607,Ajmer,ajmer,district,606,Rajasthan,Ajmer,,8,86,,,lgd,Rajasthan > Ajmer,20,True,2026-05-07 20:18:55.862663+05:30,2026-05-12 09:38:46.805587+05:30
608,Alwar,alwar,district,606,Rajasthan,Alwar,,8,87,,,lgd,Rajasthan > Alwar,20,True,2026-05-07 20:18:55.862663+05:30,2026-05-12 09:38:46.805587+05:30
609,Anupgarh,anupgarh,district,606,Rajasthan,Anupgarh,,8,776,,,lgd,Rajasthan > Anupgarh,20,True,2026-05-07 20:18:55.862663+05:30,2026-05-12 09:38:46.805587+05:30
610,Balotra,balotra,district,606,Rajasthan,Balotra,,8,775,,,lgd,Rajasthan > Balotra,20,True,2026-05-07 20:18:55.862663+05:30,2026-05-12 09:38:46.805587+05:30
611,Banswara,banswara,district,606,Rajasthan,Banswara,,8,88,,,lgd,Rajasthan > Banswara,20,True,2026-05-07 20:18:55.862663+05:30,2026-05-12 09:38:46.805587+05:30
612,Baran,baran,district,606,Rajasthan,Baran,,8,89,,,lgd,Rajasthan > Baran,20,True,2026-05-07 20:18:55.862663+05:30,2026-05-12 09:38:46.805587+05:30
613,Barmer,barmer,district,606,Rajasthan,Barmer,,8,90,,,lgd,Rajasthan > Barmer,20,True,2026-05-07 20:18:55.862663+05:30,2026-05-12 09:38:46.805587+05:30
614,Beawar,beawar,district,606,Rajasthan,Beawar,,8,774,,,lgd,Rajasthan > Beawar,20,True,2026-05-07 20:18:55.862663+05:30,2026-05-12 09:38:46.805587+05:30
615,Bharatpur,bharatpur,district,606,Rajasthan,Bharatpur,,8,91,,,lgd,Rajasthan > Bharatpur,20,True,2026-05-07 20:18:55.862663+05:30,2026-05-12 09:38:46.805587+05:30
616,Bhilwara,bhilwara,district,606,Rajasthan,Bhilwara,,8,92,,,lgd,Rajasthan > Bhilwara,20,True,2026-05-07 20:18:55.862663+05:30,2026-05-12 09:38:46.805587+05:30
617,Bikaner,bikaner,district,606,Rajasthan,Bikaner,,8,93,,,lgd,Rajasthan > Bikaner,20,True,2026-05-07 20:18:55.862663+05:30,2026-05-12 09:38:46.805587+05:30
618,Bundi,bundi,district,606,Rajasthan,Bundi,,8,94,,,lgd,Rajasthan > Bundi,20,True,2026-05-07 20:18:55.862663+05:30,2026-05-12 09:38:46.805587+05:30
619,Chittorgarh,chittorgarh,district,606,Rajasthan,Chittorgarh,,8,95,,,lgd,Rajasthan > Chittorgarh,20,True,2026-05-07 20:18:55.862663+05:30,2026-05-12 09:38:46.805587+05:30
620,Churu,churu,district,606,Rajasthan,Churu,,8,96,,,lgd,Rajasthan > Churu,20,True,2026-05-07 20:18:55.862663+05:30,2026-05-12 09:38:46.805587+05:30
621,Dausa,dausa,district,606,Rajasthan,Dausa,,8,97,,,lgd,Rajasthan > Dausa,20,True,2026-05-07 20:18:55.862663+05:30,2026-05-12 09:38:46.805587+05:30
622,Deeg,deeg,district,606,Rajasthan,Deeg,,8,767,,,lgd,Rajasthan > Deeg,20,True,2026-05-07 20:18:55.862663+05:30,2026-05-12 09:38:46.805587+05:30
623,Dholpur,dholpur,district,606,Rajasthan,Dholpur,,8,98,,,lgd,Rajasthan > Dholpur,20,True,2026-05-07 20:18:55.862663+05:30,2026-05-12 09:38:46.805587+05:30
624,Didwana-Kuchaman,didwana kuchaman,district,606,Rajasthan,Didwana-Kuchaman,,8,768,,,lgd,Rajasthan > Didwana-Kuchaman,20,True,2026-05-07 20:18:55.862663+05:30,2026-05-12 09:38:46.805587+05:30
625,Dudu,dudu,district,606,Rajasthan,Dudu,,8,769,,,lgd,Rajasthan > Dudu,20,True,2026-05-07 20:18:55.862663+05:30,2026-05-12 09:38:46.805587+05:30
626,Dungarpur,dungarpur,district,606,Rajasthan,Dungarpur,,8,99,,,lgd,Rajasthan > Dungarpur,20,True,2026-05-07 20:18:55.862663+05:30,2026-05-12 09:38:46.805587+05:30
627,Ganganagar,ganganagar,district,606,Rajasthan,Ganganagar,,8,100,,,lgd,Rajasthan > Ganganagar,20,True,2026-05-07 20:18:55.862663+05:30,2026-05-12 09:38:46.805587+05:30
628,Gangapurcity,gangapurcity,district,606,Rajasthan,Gangapurcity,,8,771,,,lgd,Rajasthan > Gangapurcity,20,True,2026-05-07 20:18:55.862663+05:30,2026-05-12 09:38:46.805587+05:30
629,Hanumangarh,hanumangarh,district,606,Rajasthan,Hanumangarh,,8,101,,,lgd,Rajasthan > Hanumangarh,20,True,2026-05-07 20:18:55.862663+05:30,2026-05-12 09:38:46.805587+05:30
630,Jaipur,jaipur,district,606,Rajasthan,Jaipur,,8,102,,,lgd,Rajasthan > Jaipur,20,True,2026-05-07 20:18:55.862663+05:30,2026-05-12 09:38:46.805587+05:30
631,Jaipur (Gramin),jaipur gramin,district,606,Rajasthan,Jaipur (Gramin),,8,783,,,lgd,Rajasthan > Jaipur (Gramin),20,True,2026-05-07 20:18:55.862663+05:30,2026-05-12 09:38:46.805587+05:30
632,Jaisalmer,jaisalmer,district,606,Rajasthan,Jaisalmer,,8,103,,,lgd,Rajasthan > Jaisalmer,20,True,2026-05-07 20:18:55.862663+05:30,2026-05-12 09:38:46.805587+05:30
633,Jalore,jalore,district,606,Rajasthan,Jalore,,8,104,,,lgd,Rajasthan > Jalore,20,True,2026-05-07 20:18:55.862663+05:30,2026-05-12 09:38:46.805587+05:30
634,Jhalawar,jhalawar,district,606,Rajasthan,Jhalawar,,8,105,,,lgd,Rajasthan > Jhalawar,20,True,2026-05-07 20:18:55.862663+05:30,2026-05-12 09:38:46.805587+05:30
635,Jhunjhunu,jhunjhunu,district,606,Rajasthan,Jhunjhunu,,8,106,,,lgd,Rajasthan > Jhunjhunu,20,True,2026-05-07 20:18:55.862663+05:30,2026-05-12 09:38:46.805587+05:30
636,Jodhpur,jodhpur,district,606,Rajasthan,Jodhpur,,8,107,,,lgd,Rajasthan > Jodhpur,20,True,2026-05-07 20:18:55.862663+05:30,2026-05-12 09:38:46.805587+05:30
637,Jodhpur (Gramin),jodhpur gramin,district,606,Rajasthan,Jodhpur (Gramin),,8,778,,,lgd,Rajasthan > Jodhpur (Gramin),20,True,2026-05-07 20:18:55.862663+05:30,2026-05-12 09:38:46.805587+05:30
638,Karauli,karauli,district,606,Rajasthan,Karauli,,8,108,,,lgd,Rajasthan > Karauli,20,True,2026-05-07 20:18:55.862663+05:30,2026-05-12 09:38:46.805587+05:30
639,Kekri,kekri,district,606,Rajasthan,Kekri,,8,781,,,lgd,Rajasthan > Kekri,20,True,2026-05-07 20:18:55.862663+05:30,2026-05-12 09:38:46.805587+05:30
640,Khairthal-Tijara,khairthal tijara,district,606,Rajasthan,Khairthal-Tijara,,8,770,,,lgd,Rajasthan > Khairthal-Tijara,20,True,2026-05-07 20:18:55.862663+05:30,2026-05-12 09:38:46.805587+05:30
641,Kota,kota,district,606,Rajasthan,Kota,,8,109,,,lgd,Rajasthan > Kota,20,True,2026-05-07 20:18:55.862663+05:30,2026-05-12 09:38:46.805587+05:30
642,Kotputli-Behror,kotputli behror,district,606,Rajasthan,Kotputli-Behror,,8,782,,,lgd,Rajasthan > Kotputli-Behror,20,True,2026-05-07 20:18:55.862663+05:30,2026-05-12 09:38:46.805587+05:30
643,Nagaur,nagaur,district,606,Rajasthan,Nagaur,,8,110,,,lgd,Rajasthan > Nagaur,20,True,2026-05-07 20:18:55.862663+05:30,2026-05-12 09:38:46.805587+05:30
644,Neem Ka Thana,neem ka thana,district,606,Rajasthan,Neem Ka Thana,,8,773,,,lgd,Rajasthan > Neem Ka Thana,20,True,2026-05-07 20:18:55.862663+05:30,2026-05-12 09:38:46.805587+05:30
645,Pali,pali,district,606,Rajasthan,Pali,,8,111,,,lgd,Rajasthan > Pali,20,True,2026-05-07 20:18:55.862663+05:30,2026-05-12 09:38:46.805587+05:30
646,Phalodi,phalodi,district,606,Rajasthan,Phalodi,,8,772,,,lgd,Rajasthan > Phalodi,20,True,2026-05-07 20:18:55.862663+05:30,2026-05-12 09:38:46.805587+05:30
647,Pratapgarh,pratapgarh,district,606,Rajasthan,Pratapgarh,,8,629,,,lgd,Rajasthan > Pratapgarh,20,True,2026-05-07 20:18:55.862663+05:30,2026-05-12 09:38:46.805587+05:30
648,Rajsamand,rajsamand,district,606,Rajasthan,Rajsamand,,8,112,,,lgd,Rajasthan > Rajsamand,20,True,2026-05-07 20:18:55.862663+05:30,2026-05-12 09:38:46.805587+05:30
649,Salumbar,salumbar,district,606,Rajasthan,Salumbar,,8,777,,,lgd,Rajasthan > Salumbar,20,True,2026-05-07 20:18:55.862663+05:30,2026-05-12 09:38:46.805587+05:30
650,Sanchore,sanchore,district,606,Rajasthan,Sanchore,,8,779,,,lgd,Rajasthan > Sanchore,20,True,2026-05-07 20:18:55.862663+05:30,2026-05-12 09:38:46.805587+05:30
651,Sawai Madhopur,sawai madhopur,district,606,Rajasthan,Sawai Madhopur,,8,113,,,lgd,Rajasthan > Sawai Madhopur,20,True,2026-05-07 20:18:55.862663+05:30,2026-05-12 09:38:46.805587+05:30
652,Shahpura,shahpura,district,606,Rajasthan,Shahpura,,8,780,,,lgd,Rajasthan > Shahpura,20,True,2026-05-07 20:18:55.862663+05:30,2026-05-12 09:38:46.805587+05:30
653,Sikar,sikar,district,606,Rajasthan,Sikar,,8,114,,,lgd,Rajasthan > Sikar,20,True,2026-05-07 20:18:55.862663+05:30,2026-05-12 09:38:46.805587+05:30
654,Sirohi,sirohi,district,606,Rajasthan,Sirohi,,8,115,,,lgd,Rajasthan > Sirohi,20,True,2026-05-07 20:18:55.862663+05:30,2026-05-12 09:38:46.805587+05:30
655,Tonk,tonk,district,606,Rajasthan,Tonk,,8,116,,,lgd,Rajasthan > Tonk,20,True,2026-05-07 20:18:55.862663+05:30,2026-05-12 09:38:46.805587+05:30
656,Udaipur,udaipur,district,606,Rajasthan,Udaipur,,8,117,,,lgd,Rajasthan > Udaipur,20,True,2026-05-07 20:18:55.862663+05:30,2026-05-12 09:38:46.805587+05:30
658,Gangtok,gangtok,district,657,Sikkim,Gangtok,,11,225,,,lgd,Sikkim > Gangtok,20,True,2026-05-07 20:18:55.862663+05:30,2026-05-12 09:38:46.805587+05:30
659,Gyalshing,gyalshing,district,657,Sikkim,Gyalshing,,11,228,,,lgd,Sikkim > Gyalshing,20,True,2026-05-07 20:18:55.862663+05:30,2026-05-12 09:38:46.805587+05:30
660,Mangan,mangan,district,657,Sikkim,Mangan,,11,226,,,lgd,Sikkim > Mangan,20,True,2026-05-07 20:18:55.862663+05:30,2026-05-12 09:38:46.805587+05:30
661,Namchi,namchi,district,657,Sikkim,Namchi,,11,227,,,lgd,Sikkim > Namchi,20,True,2026-05-07 20:18:55.862663+05:30,2026-05-12 09:38:46.805587+05:30
662,Pakyong,pakyong,district,657,Sikkim,Pakyong,,11,741,,,lgd,Sikkim > Pakyong,20,True,2026-05-07 20:18:55.862663+05:30,2026-05-12 09:38:46.805587+05:30
663,Soreng,soreng,district,657,Sikkim,Soreng,,11,742,,,lgd,Sikkim > Soreng,20,True,2026-05-07 20:18:55.862663+05:30,2026-05-12 09:38:46.805587+05:30
665,Ariyalur,ariyalur,district,664,Tamil Nadu,Ariyalur,,33,610,,,lgd,Tamil Nadu > Ariyalur,20,True,2026-05-07 20:18:55.862663+05:30,2026-05-12 09:38:46.805587+05:30
666,Chengalpattu,chengalpattu,district,664,Tamil Nadu,Chengalpattu,,33,730,,,lgd,Tamil Nadu > Chengalpattu,20,True,2026-05-07 20:18:55.862663+05:30,2026-05-12 09:38:46.805587+05:30
667,Chennai,chennai,district,664,Tamil Nadu,Chennai,,33,568,,,lgd,Tamil Nadu > Chennai,20,True,2026-05-07 20:18:55.862663+05:30,2026-05-12 09:38:46.805587+05:30
668,Coimbatore,coimbatore,district,664,Tamil Nadu,Coimbatore,,33,569,,,lgd,Tamil Nadu > Coimbatore,20,True,2026-05-07 20:18:55.862663+05:30,2026-05-12 09:38:46.805587+05:30
669,Cuddalore,cuddalore,district,664,Tamil Nadu,Cuddalore,,33,570,,,lgd,Tamil Nadu > Cuddalore,20,True,2026-05-07 20:18:55.862663+05:30,2026-05-12 09:38:46.805587+05:30
670,Dharmapuri,dharmapuri,district,664,Tamil Nadu,Dharmapuri,,33,571,,,lgd,Tamil Nadu > Dharmapuri,20,True,2026-05-07 20:18:55.862663+05:30,2026-05-12 09:38:46.805587+05:30
671,Dindigul,dindigul,district,664,Tamil Nadu,Dindigul,,33,572,,,lgd,Tamil Nadu > Dindigul,20,True,2026-05-07 20:18:55.862663+05:30,2026-05-12 09:38:46.805587+05:30
672,Erode,erode,district,664,Tamil Nadu,Erode,,33,573,,,lgd,Tamil Nadu > Erode,20,True,2026-05-07 20:18:55.862663+05:30,2026-05-12 09:38:46.805587+05:30
673,Kallakurichi,kallakurichi,district,664,Tamil Nadu,Kallakurichi,,33,729,,,lgd,Tamil Nadu > Kallakurichi,20,True,2026-05-07 20:18:55.862663+05:30,2026-05-12 09:38:46.805587+05:30
674,Kancheepuram,kancheepuram,district,664,Tamil Nadu,Kancheepuram,,33,574,,,lgd,Tamil Nadu > Kancheepuram,20,True,2026-05-07 20:18:55.862663+05:30,2026-05-12 09:38:46.805587+05:30
675,Kanniyakumari,kanniyakumari,district,664,Tamil Nadu,Kanniyakumari,,33,575,,,lgd,Tamil Nadu > Kanniyakumari,20,True,2026-05-07 20:18:55.862663+05:30,2026-05-12 09:38:46.805587+05:30
676,Karur,karur,district,664,Tamil Nadu,Karur,,33,576,,,lgd,Tamil Nadu > Karur,20,True,2026-05-07 20:18:55.862663+05:30,2026-05-12 09:38:46.805587+05:30
677,Krishnagiri,krishnagiri,district,664,Tamil Nadu,Krishnagiri,,33,577,,,lgd,Tamil Nadu > Krishnagiri,20,True,2026-05-07 20:18:55.862663+05:30,2026-05-12 09:38:46.805587+05:30
678,Madurai,madurai,district,664,Tamil Nadu,Madurai,,33,578,,,lgd,Tamil Nadu > Madurai,20,True,2026-05-07 20:18:55.862663+05:30,2026-05-12 09:38:46.805587+05:30
679,Mayiladuthurai,mayiladuthurai,district,664,Tamil Nadu,Mayiladuthurai,,33,735,,,lgd,Tamil Nadu > Mayiladuthurai,20,True,2026-05-07 20:18:55.862663+05:30,2026-05-12 09:38:46.805587+05:30
680,Nagapattinam,nagapattinam,district,664,Tamil Nadu,Nagapattinam,,33,579,,,lgd,Tamil Nadu > Nagapattinam,20,True,2026-05-07 20:18:55.862663+05:30,2026-05-12 09:38:46.805587+05:30
681,Namakkal,namakkal,district,664,Tamil Nadu,Namakkal,,33,580,,,lgd,Tamil Nadu > Namakkal,20,True,2026-05-07 20:18:55.862663+05:30,2026-05-12 09:38:46.805587+05:30
682,The Nilgiris,the nilgiris,district,664,Tamil Nadu,The Nilgiris,,33,587,,,lgd,Tamil Nadu > The Nilgiris,20,True,2026-05-07 20:18:55.862663+05:30,2026-05-12 09:38:46.805587+05:30
683,Perambalur,perambalur,district,664,Tamil Nadu,Perambalur,,33,581,,,lgd,Tamil Nadu > Perambalur,20,True,2026-05-07 20:18:55.862663+05:30,2026-05-12 09:38:46.805587+05:30
684,Pudukkottai,pudukkottai,district,664,Tamil Nadu,Pudukkottai,,33,582,,,lgd,Tamil Nadu > Pudukkottai,20,True,2026-05-07 20:18:55.862663+05:30,2026-05-12 09:38:46.805587+05:30
685,Ramanathapuram,ramanathapuram,district,664,Tamil Nadu,Ramanathapuram,,33,583,,,lgd,Tamil Nadu > Ramanathapuram,20,True,2026-05-07 20:18:55.862663+05:30,2026-05-12 09:38:46.805587+05:30
686,Ranipet,ranipet,district,664,Tamil Nadu,Ranipet,,33,731,,,lgd,Tamil Nadu > Ranipet,20,True,2026-05-07 20:18:55.862663+05:30,2026-05-12 09:38:46.805587+05:30
687,Salem,salem,district,664,Tamil Nadu,Salem,,33,584,,,lgd,Tamil Nadu > Salem,20,True,2026-05-07 20:18:55.862663+05:30,2026-05-12 09:38:46.805587+05:30
688,Sivaganga,sivaganga,district,664,Tamil Nadu,Sivaganga,,33,585,,,lgd,Tamil Nadu > Sivaganga,20,True,2026-05-07 20:18:55.862663+05:30,2026-05-12 09:38:46.805587+05:30
689,Tenkasi,tenkasi,district,664,Tamil Nadu,Tenkasi,,33,733,,,lgd,Tamil Nadu > Tenkasi,20,True,2026-05-07 20:18:55.862663+05:30,2026-05-12 09:38:46.805587+05:30
690,Thanjavur,thanjavur,district,664,Tamil Nadu,Thanjavur,,33,586,,,lgd,Tamil Nadu > Thanjavur,20,True,2026-05-07 20:18:55.862663+05:30,2026-05-12 09:38:46.805587+05:30
691,Theni,theni,district,664,Tamil Nadu,Theni,,33,588,,,lgd,Tamil Nadu > Theni,20,True,2026-05-07 20:18:55.862663+05:30,2026-05-12 09:38:46.805587+05:30
692,Thoothukkudi,thoothukkudi,district,664,Tamil Nadu,Thoothukkudi,,33,594,,,lgd,Tamil Nadu > Thoothukkudi,20,True,2026-05-07 20:18:55.862663+05:30,2026-05-12 09:38:46.805587+05:30
693,Tiruchirappalli,tiruchirappalli,district,664,Tamil Nadu,Tiruchirappalli,,33,591,,,lgd,Tamil Nadu > Tiruchirappalli,20,True,2026-05-07 20:18:55.862663+05:30,2026-05-12 09:38:46.805587+05:30
694,Tirunelveli,tirunelveli,district,664,Tamil Nadu,Tirunelveli,,33,592,,,lgd,Tamil Nadu > Tirunelveli,20,True,2026-05-07 20:18:55.862663+05:30,2026-05-12 09:38:46.805587+05:30
695,Tirupathur,tirupathur,district,664,Tamil Nadu,Tirupathur,,33,732,,,lgd,Tamil Nadu > Tirupathur,20,True,2026-05-07 20:18:55.862663+05:30,2026-05-12 09:38:46.805587+05:30
696,Tiruppur,tiruppur,district,664,Tamil Nadu,Tiruppur,,33,634,,,lgd,Tamil Nadu > Tiruppur,20,True,2026-05-07 20:18:55.862663+05:30,2026-05-12 09:38:46.805587+05:30
697,Thiruvallur,thiruvallur,district,664,Tamil Nadu,Thiruvallur,,33,589,,,lgd,Tamil Nadu > Thiruvallur,20,True,2026-05-07 20:18:55.862663+05:30,2026-05-12 09:38:46.805587+05:30
698,Tiruvannamalai,tiruvannamalai,district,664,Tamil Nadu,Tiruvannamalai,,33,593,,,lgd,Tamil Nadu > Tiruvannamalai,20,True,2026-05-07 20:18:55.862663+05:30,2026-05-12 09:38:46.805587+05:30
699,Thiruvarur,thiruvarur,district,664,Tamil Nadu,Thiruvarur,,33,590,,,lgd,Tamil Nadu > Thiruvarur,20,True,2026-05-07 20:18:55.862663+05:30,2026-05-12 09:38:46.805587+05:30
700,Vellore,vellore,district,664,Tamil Nadu,Vellore,,33,595,,,lgd,Tamil Nadu > Vellore,20,True,2026-05-07 20:18:55.862663+05:30,2026-05-12 09:38:46.805587+05:30
701,Viluppuram,viluppuram,district,664,Tamil Nadu,Viluppuram,,33,596,,,lgd,Tamil Nadu > Viluppuram,20,True,2026-05-07 20:18:55.862663+05:30,2026-05-12 09:38:46.805587+05:30
702,Virudhunagar,virudhunagar,district,664,Tamil Nadu,Virudhunagar,,33,597,,,lgd,Tamil Nadu > Virudhunagar,20,True,2026-05-07 20:18:55.862663+05:30,2026-05-12 09:38:46.805587+05:30
704,Adilabad,adilabad,district,703,Telangana,Adilabad,,36,501,,,lgd,Telangana > Adilabad,20,True,2026-05-07 20:18:55.862663+05:30,2026-05-12 09:38:46.805587+05:30
705,Bhadradri Kothagudem,bhadradri kothagudem,district,703,Telangana,Bhadradri Kothagudem,,36,690,,,lgd,Telangana > Bhadradri Kothagudem,20,True,2026-05-07 20:18:55.862663+05:30,2026-05-12 09:38:46.805587+05:30
706,Hanumakonda,hanumakonda,district,703,Telangana,Hanumakonda,,36,686,,,lgd,Telangana > Hanumakonda,20,True,2026-05-07 20:18:55.862663+05:30,2026-05-12 09:38:46.805587+05:30
707,Hyderabad,hyderabad,district,703,Telangana,Hyderabad,,36,507,,,lgd,Telangana > Hyderabad,20,True,2026-05-07 20:18:55.862663+05:30,2026-05-12 09:38:46.805587+05:30
708,Jagitial,jagitial,district,703,Telangana,Jagitial,,36,681,,,lgd,Telangana > Jagitial,20,True,2026-05-07 20:18:55.862663+05:30,2026-05-12 09:38:46.805587+05:30
709,Jangoan,jangoan,district,703,Telangana,Jangoan,,36,689,,,lgd,Telangana > Jangoan,20,True,2026-05-07 20:18:55.862663+05:30,2026-05-12 09:38:46.805587+05:30
710,Jayashankar Bhupalapally,jayashankar bhupalapally,district,703,Telangana,Jayashankar Bhupalapally,,36,687,,,lgd,Telangana > Jayashankar Bhupalapally,20,True,2026-05-07 20:18:55.862663+05:30,2026-05-12 09:38:46.805587+05:30
711,Jogulamba Gadwal,jogulamba gadwal,district,703,Telangana,Jogulamba Gadwal,,36,695,,,lgd,Telangana > Jogulamba Gadwal,20,True,2026-05-07 20:18:55.862663+05:30,2026-05-12 09:38:46.805587+05:30
712,Kamareddy,kamareddy,district,703,Telangana,Kamareddy,,36,685,,,lgd,Telangana > Kamareddy,20,True,2026-05-07 20:18:55.862663+05:30,2026-05-12 09:38:46.805587+05:30
713,Karimnagar,karimnagar,district,703,Telangana,Karimnagar,,36,508,,,lgd,Telangana > Karimnagar,20,True,2026-05-07 20:18:55.862663+05:30,2026-05-12 09:38:46.805587+05:30
714,Khammam,khammam,district,703,Telangana,Khammam,,36,509,,,lgd,Telangana > Khammam,20,True,2026-05-07 20:18:55.862663+05:30,2026-05-12 09:38:46.805587+05:30
715,Kumuram Bheem Asifabad,kumuram bheem asifabad,district,703,Telangana,Kumuram Bheem Asifabad,,36,699,,,lgd,Telangana > Kumuram Bheem Asifabad,20,True,2026-05-07 20:18:55.862663+05:30,2026-05-12 09:38:46.805587+05:30
716,Mahabubabad,mahabubabad,district,703,Telangana,Mahabubabad,,36,688,,,lgd,Telangana > Mahabubabad,20,True,2026-05-07 20:18:55.862663+05:30,2026-05-12 09:38:46.805587+05:30
717,Mahabubnagar,mahabubnagar,district,703,Telangana,Mahabubnagar,,36,512,,,lgd,Telangana > Mahabubnagar,20,True,2026-05-07 20:18:55.862663+05:30,2026-05-12 09:38:46.805587+05:30
718,Mancherial,mancherial,district,703,Telangana,Mancherial,,36,684,,,lgd,Telangana > Mancherial,20,True,2026-05-07 20:18:55.862663+05:30,2026-05-12 09:38:46.805587+05:30
719,Medak,medak,district,703,Telangana,Medak,,36,513,,,lgd,Telangana > Medak,20,True,2026-05-07 20:18:55.862663+05:30,2026-05-12 09:38:46.805587+05:30
720,Medchal Malkajgiri,medchal malkajgiri,district,703,Telangana,Medchal Malkajgiri,,36,700,,,lgd,Telangana > Medchal Malkajgiri,20,True,2026-05-07 20:18:55.862663+05:30,2026-05-12 09:38:46.805587+05:30
721,Mulugu,mulugu,district,703,Telangana,Mulugu,,36,720,,,lgd,Telangana > Mulugu,20,True,2026-05-07 20:18:55.862663+05:30,2026-05-12 09:38:46.805587+05:30
722,Nagarkurnool,nagarkurnool,district,703,Telangana,Nagarkurnool,,36,694,,,lgd,Telangana > Nagarkurnool,20,True,2026-05-07 20:18:55.862663+05:30,2026-05-12 09:38:46.805587+05:30
723,Nalgonda,nalgonda,district,703,Telangana,Nalgonda,,36,514,,,lgd,Telangana > Nalgonda,20,True,2026-05-07 20:18:55.862663+05:30,2026-05-12 09:38:46.805587+05:30
724,Narayanpet,narayanpet,district,703,Telangana,Narayanpet,,36,721,,,lgd,Telangana > Narayanpet,20,True,2026-05-07 20:18:55.862663+05:30,2026-05-12 09:38:46.805587+05:30
725,Nirmal,nirmal,district,703,Telangana,Nirmal,,36,680,,,lgd,Telangana > Nirmal,20,True,2026-05-07 20:18:55.862663+05:30,2026-05-12 09:38:46.805587+05:30
726,Nizamabad,nizamabad,district,703,Telangana,Nizamabad,,36,516,,,lgd,Telangana > Nizamabad,20,True,2026-05-07 20:18:55.862663+05:30,2026-05-12 09:38:46.805587+05:30
727,Peddapalli,peddapalli,district,703,Telangana,Peddapalli,,36,682,,,lgd,Telangana > Peddapalli,20,True,2026-05-07 20:18:55.862663+05:30,2026-05-12 09:38:46.805587+05:30
728,Rajanna Sircilla,rajanna sircilla,district,703,Telangana,Rajanna Sircilla,,36,683,,,lgd,Telangana > Rajanna Sircilla,20,True,2026-05-07 20:18:55.862663+05:30,2026-05-12 09:38:46.805587+05:30
729,Ranga Reddy,ranga reddy,district,703,Telangana,Ranga Reddy,,36,518,,,lgd,Telangana > Ranga Reddy,20,True,2026-05-07 20:18:55.862663+05:30,2026-05-12 09:38:46.805587+05:30
730,Sangareddy,sangareddy,district,703,Telangana,Sangareddy,,36,691,,,lgd,Telangana > Sangareddy,20,True,2026-05-07 20:18:55.862663+05:30,2026-05-12 09:38:46.805587+05:30
731,Siddipet,siddipet,district,703,Telangana,Siddipet,,36,692,,,lgd,Telangana > Siddipet,20,True,2026-05-07 20:18:55.862663+05:30,2026-05-12 09:38:46.805587+05:30
732,Suryapet,suryapet,district,703,Telangana,Suryapet,,36,696,,,lgd,Telangana > Suryapet,20,True,2026-05-07 20:18:55.862663+05:30,2026-05-12 09:38:46.805587+05:30
733,Vikarabad,vikarabad,district,703,Telangana,Vikarabad,,36,698,,,lgd,Telangana > Vikarabad,20,True,2026-05-07 20:18:55.862663+05:30,2026-05-12 09:38:46.805587+05:30
734,Wanaparthy,wanaparthy,district,703,Telangana,Wanaparthy,,36,693,,,lgd,Telangana > Wanaparthy,20,True,2026-05-07 20:18:55.862663+05:30,2026-05-12 09:38:46.805587+05:30
735,Warangal,warangal,district,703,Telangana,Warangal,,36,522,,,lgd,Telangana > Warangal,20,True,2026-05-07 20:18:55.862663+05:30,2026-05-12 09:38:46.805587+05:30
736,Yadadri Bhuvanagiri,yadadri bhuvanagiri,district,703,Telangana,Yadadri Bhuvanagiri,,36,697,,,lgd,Telangana > Yadadri Bhuvanagiri,20,True,2026-05-07 20:18:55.862663+05:30,2026-05-12 09:38:46.805587+05:30
738,Dhalai,dhalai,district,737,Tripura,Dhalai,,16,269,,,lgd,Tripura > Dhalai,20,True,2026-05-07 20:18:55.862663+05:30,2026-05-12 09:38:46.805587+05:30
739,Gomati,gomati,district,737,Tripura,Gomati,,16,654,,,lgd,Tripura > Gomati,20,True,2026-05-07 20:18:55.862663+05:30,2026-05-12 09:38:46.805587+05:30
740,Khowai,khowai,district,737,Tripura,Khowai,,16,652,,,lgd,Tripura > Khowai,20,True,2026-05-07 20:18:55.862663+05:30,2026-05-12 09:38:46.805587+05:30
741,North Tripura,north tripura,district,737,Tripura,North Tripura,,16,270,,,lgd,Tripura > North Tripura,20,True,2026-05-07 20:18:55.862663+05:30,2026-05-12 09:38:46.805587+05:30
742,Sepahijala,sepahijala,district,737,Tripura,Sepahijala,,16,653,,,lgd,Tripura > Sepahijala,20,True,2026-05-07 20:18:55.862663+05:30,2026-05-12 09:38:46.805587+05:30
743,South Tripura,south tripura,district,737,Tripura,South Tripura,,16,271,,,lgd,Tripura > South Tripura,20,True,2026-05-07 20:18:55.862663+05:30,2026-05-12 09:38:46.805587+05:30
744,Unakoti,unakoti,district,737,Tripura,Unakoti,,16,655,,,lgd,Tripura > Unakoti,20,True,2026-05-07 20:18:55.862663+05:30,2026-05-12 09:38:46.805587+05:30
745,West Tripura,west tripura,district,737,Tripura,West Tripura,,16,272,,,lgd,Tripura > West Tripura,20,True,2026-05-07 20:18:55.862663+05:30,2026-05-12 09:38:46.805587+05:30
747,Almora,almora,district,746,Uttarakhand,Almora,,5,45,,,lgd,Uttarakhand > Almora,20,True,2026-05-07 20:18:55.862663+05:30,2026-05-12 09:38:46.805587+05:30
748,Bageshwar,bageshwar,district,746,Uttarakhand,Bageshwar,,5,46,,,lgd,Uttarakhand > Bageshwar,20,True,2026-05-07 20:18:55.862663+05:30,2026-05-12 09:38:46.805587+05:30
749,Chamoli,chamoli,district,746,Uttarakhand,Chamoli,,5,47,,,lgd,Uttarakhand > Chamoli,20,True,2026-05-07 20:18:55.862663+05:30,2026-05-12 09:38:46.805587+05:30
750,Champawat,champawat,district,746,Uttarakhand,Champawat,,5,48,,,lgd,Uttarakhand > Champawat,20,True,2026-05-07 20:18:55.862663+05:30,2026-05-12 09:38:46.805587+05:30
751,Dehradun,dehradun,district,746,Uttarakhand,Dehradun,,5,49,,,lgd,Uttarakhand > Dehradun,20,True,2026-05-07 20:18:55.862663+05:30,2026-05-12 09:38:46.805587+05:30
752,Haridwar,haridwar,district,746,Uttarakhand,Haridwar,,5,50,,,lgd,Uttarakhand > Haridwar,20,True,2026-05-07 20:18:55.862663+05:30,2026-05-12 09:38:46.805587+05:30
753,Nainital,nainital,district,746,Uttarakhand,Nainital,,5,51,,,lgd,Uttarakhand > Nainital,20,True,2026-05-07 20:18:55.862663+05:30,2026-05-12 09:38:46.805587+05:30
754,Pauri Garhwal,pauri garhwal,district,746,Uttarakhand,Pauri Garhwal,,5,52,,,lgd,Uttarakhand > Pauri Garhwal,20,True,2026-05-07 20:18:55.862663+05:30,2026-05-12 09:38:46.805587+05:30
755,Pithoragarh,pithoragarh,district,746,Uttarakhand,Pithoragarh,,5,53,,,lgd,Uttarakhand > Pithoragarh,20,True,2026-05-07 20:18:55.862663+05:30,2026-05-12 09:38:46.805587+05:30
756,Rudra Prayag,rudra prayag,district,746,Uttarakhand,Rudra Prayag,,5,54,,,lgd,Uttarakhand > Rudra Prayag,20,True,2026-05-07 20:18:55.862663+05:30,2026-05-12 09:38:46.805587+05:30
757,Tehri Garhwal,tehri garhwal,district,746,Uttarakhand,Tehri Garhwal,,5,55,,,lgd,Uttarakhand > Tehri Garhwal,20,True,2026-05-07 20:18:55.862663+05:30,2026-05-12 09:38:46.805587+05:30
758,Udam Singh Nagar,udam singh nagar,district,746,Uttarakhand,Udam Singh Nagar,,5,56,,,lgd,Uttarakhand > Udam Singh Nagar,20,True,2026-05-07 20:18:55.862663+05:30,2026-05-12 09:38:46.805587+05:30
759,Uttar Kashi,uttar kashi,district,746,Uttarakhand,Uttar Kashi,,5,57,,,lgd,Uttarakhand > Uttar Kashi,20,True,2026-05-07 20:18:55.862663+05:30,2026-05-12 09:38:46.805587+05:30
761,Alipurduar,alipurduar,district,760,West Bengal,Alipurduar,,19,664,,,lgd,West Bengal > Alipurduar,20,True,2026-05-07 20:18:55.862663+05:30,2026-05-12 09:38:46.805587+05:30
762,Bankura,bankura,district,760,West Bengal,Bankura,,19,305,,,lgd,West Bengal > Bankura,20,True,2026-05-07 20:18:55.862663+05:30,2026-05-12 09:38:46.805587+05:30
763,Birbhum,birbhum,district,760,West Bengal,Birbhum,,19,307,,,lgd,West Bengal > Birbhum,20,True,2026-05-07 20:18:55.862663+05:30,2026-05-12 09:38:46.805587+05:30
764,Cooch Behar,cooch behar,district,760,West Bengal,Cooch Behar,,19,308,,,lgd,West Bengal > Cooch Behar,20,True,2026-05-07 20:18:55.862663+05:30,2026-05-12 09:38:46.805587+05:30
765,Dakshin Dinajpur,dakshin dinajpur,district,760,West Bengal,Dakshin Dinajpur,,19,310,,,lgd,West Bengal > Dakshin Dinajpur,20,True,2026-05-07 20:18:55.862663+05:30,2026-05-12 09:38:46.805587+05:30
766,Darjeeling,darjeeling,district,760,West Bengal,Darjeeling,,19,309,,,lgd,West Bengal > Darjeeling,20,True,2026-05-07 20:18:55.862663+05:30,2026-05-12 09:38:46.805587+05:30
767,Hooghly,hooghly,district,760,West Bengal,Hooghly,,19,312,,,lgd,West Bengal > Hooghly,20,True,2026-05-07 20:18:55.862663+05:30,2026-05-12 09:38:46.805587+05:30
768,Howrah,howrah,district,760,West Bengal,Howrah,,19,313,,,lgd,West Bengal > Howrah,20,True,2026-05-07 20:18:55.862663+05:30,2026-05-12 09:38:46.805587+05:30
769,Jalpaiguri,jalpaiguri,district,760,West Bengal,Jalpaiguri,,19,314,,,lgd,West Bengal > Jalpaiguri,20,True,2026-05-07 20:18:55.862663+05:30,2026-05-12 09:38:46.805587+05:30
770,Jhargram,jhargram,district,760,West Bengal,Jhargram,,19,703,,,lgd,West Bengal > Jhargram,20,True,2026-05-07 20:18:55.862663+05:30,2026-05-12 09:38:46.805587+05:30
771,Kalimpong,kalimpong,district,760,West Bengal,Kalimpong,,19,702,,,lgd,West Bengal > Kalimpong,20,True,2026-05-07 20:18:55.862663+05:30,2026-05-12 09:38:46.805587+05:30
772,Kolkata,kolkata,district,760,West Bengal,Kolkata,,19,315,,,lgd,West Bengal > Kolkata,20,True,2026-05-07 20:18:55.862663+05:30,2026-05-12 09:38:46.805587+05:30
773,Malda,malda,district,760,West Bengal,Malda,,19,316,,,lgd,West Bengal > Malda,20,True,2026-05-07 20:18:55.862663+05:30,2026-05-12 09:38:46.805587+05:30
774,Murshidabad,murshidabad,district,760,West Bengal,Murshidabad,,19,319,,,lgd,West Bengal > Murshidabad,20,True,2026-05-07 20:18:55.862663+05:30,2026-05-12 09:38:46.805587+05:30
775,Nadia,nadia,district,760,West Bengal,Nadia,,19,320,,,lgd,West Bengal > Nadia,20,True,2026-05-07 20:18:55.862663+05:30,2026-05-12 09:38:46.805587+05:30
776,North 24 Parganas,north 24 parganas,district,760,West Bengal,North 24 Parganas,,19,303,,,lgd,West Bengal > North 24 Parganas,20,True,2026-05-07 20:18:55.862663+05:30,2026-05-12 09:38:46.805587+05:30
777,Paschim Bardhaman,paschim bardhaman,district,760,West Bengal,Paschim Bardhaman,,19,704,,,lgd,West Bengal > Paschim Bardhaman,20,True,2026-05-07 20:18:55.862663+05:30,2026-05-12 09:38:46.805587+05:30
778,Paschim Medinipur,paschim medinipur,district,760,West Bengal,Paschim Medinipur,,19,318,,,lgd,West Bengal > Paschim Medinipur,20,True,2026-05-07 20:18:55.862663+05:30,2026-05-12 09:38:46.805587+05:30
779,Purba Bardhaman,purba bardhaman,district,760,West Bengal,Purba Bardhaman,,19,306,,,lgd,West Bengal > Purba Bardhaman,20,True,2026-05-07 20:18:55.862663+05:30,2026-05-12 09:38:46.805587+05:30
780,Purba Medinipur,purba medinipur,district,760,West Bengal,Purba Medinipur,,19,317,,,lgd,West Bengal > Purba Medinipur,20,True,2026-05-07 20:18:55.862663+05:30,2026-05-12 09:38:46.805587+05:30
781,Purulia,purulia,district,760,West Bengal,Purulia,,19,321,,,lgd,West Bengal > Purulia,20,True,2026-05-07 20:18:55.862663+05:30,2026-05-12 09:38:46.805587+05:30
782,South 24 Parganas,south 24 parganas,district,760,West Bengal,South 24 Parganas,,19,304,,,lgd,West Bengal > South 24 Parganas,20,True,2026-05-07 20:18:55.862663+05:30,2026-05-12 09:38:46.805587+05:30
783,Uttar Dinajpur,uttar dinajpur,district,760,West Bengal,Uttar Dinajpur,,19,311,,,lgd,West Bengal > Uttar Dinajpur,20,True,2026-05-07 20:18:55.862663+05:30,2026-05-12 09:38:46.805587+05:30
785,Nicobars,nicobars,district,784,Andaman And Nicobar Islands,Nicobars,,35,603,,,lgd,Andaman And Nicobar Islands > Nicobars,20,True,2026-05-07 20:18:55.862663+05:30,2026-05-12 09:38:46.805587+05:30
786,North And Middle Andaman,north and middle andaman,district,784,Andaman And Nicobar Islands,North And Middle Andaman,,35,632,,,lgd,Andaman And Nicobar Islands > North And Middle Andaman,20,True,2026-05-07 20:18:55.862663+05:30,2026-05-12 09:38:46.805587+05:30
787,South Andamans,south andamans,district,784,Andaman And Nicobar Islands,South Andamans,,35,602,,,lgd,Andaman And Nicobar Islands > South Andamans,20,True,2026-05-07 20:18:55.862663+05:30,2026-05-12 09:38:46.805587+05:30
789,Chandigarh,chandigarh,district,788,Chandigarh,Chandigarh,,4,44,,,lgd,Chandigarh > Chandigarh,20,True,2026-05-07 20:18:55.862663+05:30,2026-05-12 09:38:46.805587+05:30
791,Dadra And Nagar Haveli,dadra and nagar haveli,district,790,The Dadra And Nagar Haveli And Daman And Diu,Dadra And Nagar Haveli,,38,465,,,lgd,The Dadra And Nagar Haveli And Daman And Diu > Dadra And Nagar Haveli,20,True,2026-05-07 20:18:55.862663+05:30,2026-05-12 09:38:46.805587+05:30
792,Daman,daman,district,790,The Dadra And Nagar Haveli And Daman And Diu,Daman,,38,463,,,lgd,The Dadra And Nagar Haveli And Daman And Diu > Daman,20,True,2026-05-07 20:18:55.862663+05:30,2026-05-12 09:38:46.805587+05:30
793,Diu,diu,district,790,The Dadra And Nagar Haveli And Daman And Diu,Diu,,38,464,,,lgd,The Dadra And Nagar Haveli And Daman And Diu > Diu,20,True,2026-05-07 20:18:55.862663+05:30,2026-05-12 09:38:46.805587+05:30
795,Central,central,district,794,Delhi,Central,,7,77,,,lgd,Delhi > Central,20,True,2026-05-07 20:18:55.862663+05:30,2026-05-12 09:38:46.805587+05:30
796,East,east,district,794,Delhi,East,,7,78,,,lgd,Delhi > East,20,True,2026-05-07 20:18:55.862663+05:30,2026-05-12 09:38:46.805587+05:30
797,New Delhi,new delhi,district,794,Delhi,New Delhi,,7,79,,,lgd,Delhi > New Delhi,20,True,2026-05-07 20:18:55.862663+05:30,2026-05-12 09:38:46.805587+05:30
798,North,north,district,794,Delhi,North,,7,80,,,lgd,Delhi > North,20,True,2026-05-07 20:18:55.862663+05:30,2026-05-12 09:38:46.805587+05:30
799,North East,north east,district,794,Delhi,North East,,7,81,,,lgd,Delhi > North East,20,True,2026-05-07 20:18:55.862663+05:30,2026-05-12 09:38:46.805587+05:30
800,North West,north west,district,794,Delhi,North West,,7,82,,,lgd,Delhi > North West,20,True,2026-05-07 20:18:55.862663+05:30,2026-05-12 09:38:46.805587+05:30
801,Shahdara,shahdara,district,794,Delhi,Shahdara,,7,671,,,lgd,Delhi > Shahdara,20,True,2026-05-07 20:18:55.862663+05:30,2026-05-12 09:38:46.805587+05:30
802,South,south,district,794,Delhi,South,,7,83,,,lgd,Delhi > South,20,True,2026-05-07 20:18:55.862663+05:30,2026-05-12 09:38:46.805587+05:30
803,South East,south east,district,794,Delhi,South East,,7,670,,,lgd,Delhi > South East,20,True,2026-05-07 20:18:55.862663+05:30,2026-05-12 09:38:46.805587+05:30
804,South West,south west,district,794,Delhi,South West,,7,84,,,lgd,Delhi > South West,20,True,2026-05-07 20:18:55.862663+05:30,2026-05-12 09:38:46.805587+05:30
805,West,west,district,794,Delhi,West,,7,85,,,lgd,Delhi > West,20,True,2026-05-07 20:18:55.862663+05:30,2026-05-12 09:38:46.805587+05:30
807,Anantnag,anantnag,district,806,Jammu And Kashmir,Anantnag,,1,1,,,lgd,Jammu And Kashmir > Anantnag,20,True,2026-05-07 20:18:55.862663+05:30,2026-05-12 09:38:46.805587+05:30
808,Bandipora,bandipora,district,806,Jammu And Kashmir,Bandipora,,1,623,,,lgd,Jammu And Kashmir > Bandipora,20,True,2026-05-07 20:18:55.862663+05:30,2026-05-12 09:38:46.805587+05:30
809,Baramulla,baramulla,district,806,Jammu And Kashmir,Baramulla,,1,3,,,lgd,Jammu And Kashmir > Baramulla,20,True,2026-05-07 20:18:55.862663+05:30,2026-05-12 09:38:46.805587+05:30
810,Budgam,budgam,district,806,Jammu And Kashmir,Budgam,,1,2,,,lgd,Jammu And Kashmir > Budgam,20,True,2026-05-07 20:18:55.862663+05:30,2026-05-12 09:38:46.805587+05:30
811,Doda,doda,district,806,Jammu And Kashmir,Doda,,1,4,,,lgd,Jammu And Kashmir > Doda,20,True,2026-05-07 20:18:55.862663+05:30,2026-05-12 09:38:46.805587+05:30
812,Ganderbal,ganderbal,district,806,Jammu And Kashmir,Ganderbal,,1,626,,,lgd,Jammu And Kashmir > Ganderbal,20,True,2026-05-07 20:18:55.862663+05:30,2026-05-12 09:38:46.805587+05:30
813,Jammu,jammu,district,806,Jammu And Kashmir,Jammu,,1,5,,,lgd,Jammu And Kashmir > Jammu,20,True,2026-05-07 20:18:55.862663+05:30,2026-05-12 09:38:46.805587+05:30
814,Kathua,kathua,district,806,Jammu And Kashmir,Kathua,,1,7,,,lgd,Jammu And Kashmir > Kathua,20,True,2026-05-07 20:18:55.862663+05:30,2026-05-12 09:38:46.805587+05:30
815,Kishtwar,kishtwar,district,806,Jammu And Kashmir,Kishtwar,,1,620,,,lgd,Jammu And Kashmir > Kishtwar,20,True,2026-05-07 20:18:55.862663+05:30,2026-05-12 09:38:46.805587+05:30
816,Kulgam,kulgam,district,806,Jammu And Kashmir,Kulgam,,1,622,,,lgd,Jammu And Kashmir > Kulgam,20,True,2026-05-07 20:18:55.862663+05:30,2026-05-12 09:38:46.805587+05:30
817,Kupwara,kupwara,district,806,Jammu And Kashmir,Kupwara,,1,8,,,lgd,Jammu And Kashmir > Kupwara,20,True,2026-05-07 20:18:55.862663+05:30,2026-05-12 09:38:46.805587+05:30
818,Poonch,poonch,district,806,Jammu And Kashmir,Poonch,,1,10,,,lgd,Jammu And Kashmir > Poonch,20,True,2026-05-07 20:18:55.862663+05:30,2026-05-12 09:38:46.805587+05:30
819,Pulwama,pulwama,district,806,Jammu And Kashmir,Pulwama,,1,11,,,lgd,Jammu And Kashmir > Pulwama,20,True,2026-05-07 20:18:55.862663+05:30,2026-05-12 09:38:46.805587+05:30
820,Rajouri,rajouri,district,806,Jammu And Kashmir,Rajouri,,1,12,,,lgd,Jammu And Kashmir > Rajouri,20,True,2026-05-07 20:18:55.862663+05:30,2026-05-12 09:38:46.805587+05:30
821,Ramban,ramban,district,806,Jammu And Kashmir,Ramban,,1,621,,,lgd,Jammu And Kashmir > Ramban,20,True,2026-05-07 20:18:55.862663+05:30,2026-05-12 09:38:46.805587+05:30
822,Reasi,reasi,district,806,Jammu And Kashmir,Reasi,,1,627,,,lgd,Jammu And Kashmir > Reasi,20,True,2026-05-07 20:18:55.862663+05:30,2026-05-12 09:38:46.805587+05:30
823,Samba,samba,district,806,Jammu And Kashmir,Samba,,1,624,,,lgd,Jammu And Kashmir > Samba,20,True,2026-05-07 20:18:55.862663+05:30,2026-05-12 09:38:46.805587+05:30
824,Shopian,shopian,district,806,Jammu And Kashmir,Shopian,,1,625,,,lgd,Jammu And Kashmir > Shopian,20,True,2026-05-07 20:18:55.862663+05:30,2026-05-12 09:38:46.805587+05:30
825,Srinagar,srinagar,district,806,Jammu And Kashmir,Srinagar,,1,13,,,lgd,Jammu And Kashmir > Srinagar,20,True,2026-05-07 20:18:55.862663+05:30,2026-05-12 09:38:46.805587+05:30
826,Udhampur,udhampur,district,806,Jammu And Kashmir,Udhampur,,1,14,,,lgd,Jammu And Kashmir > Udhampur,20,True,2026-05-07 20:18:55.862663+05:30,2026-05-12 09:38:46.805587+05:30
828,Kargil,kargil,district,827,Ladakh,Kargil,,37,6,,,lgd,Ladakh > Kargil,20,True,2026-05-07 20:18:55.862663+05:30,2026-05-12 09:38:46.805587+05:30
829,Leh Ladakh,leh ladakh,district,827,Ladakh,Leh Ladakh,,37,9,,,lgd,Ladakh > Leh Ladakh,20,True,2026-05-07 20:18:55.862663+05:30,2026-05-12 09:38:46.805587+05:30
831,Lakshadweep District,lakshadweep district,district,830,Lakshadweep,Lakshadweep District,,31,553,,,lgd,Lakshadweep > Lakshadweep District,20,True,2026-05-07 20:18:55.862663+05:30,2026-05-12 09:38:46.805587+05:30
833,Karaikal,karaikal,district,832,Puducherry,Karaikal,,34,598,,,lgd,Puducherry > Karaikal,20,True,2026-05-07 20:18:55.862663+05:30,2026-05-12 09:38:46.805587+05:30
834,Mahe,mahe,district,832,Puducherry,Mahe,,34,599,,,lgd,Puducherry > Mahe,20,True,2026-05-07 20:18:55.862663+05:30,2026-05-12 09:38:46.805587+05:30
835,Puducherry,puducherry,district,832,Puducherry,Puducherry,,34,600,,,lgd,Puducherry > Puducherry,20,True,2026-05-07 20:18:55.862663+05:30,2026-05-12 09:38:46.805587+05:30
836,Yanam,yanam,district,832,Puducherry,Yanam,,34,601,,,lgd,Puducherry > Yanam,20,True,2026-05-07 20:18:55.862663+05:30,2026-05-12 09:38:46.805587+05:30
